company_id,company_name,sector,rule_id,type,triggered,confidence_pct,eligible_after_threshold,reason,latest_roe,latest_roce,latest_debt_to_equity,latest_interest_coverage,latest_free_cash_flow,latest_revenue,latest_net_profit,latest_opm,latest_eps,latest_dividend_yield,latest_total_assets,latest_borrowings,latest_net_debt,latest_ebitda,trailing_revenue_cagar,trailing_profit_cagr,trailing_eps_cagr,history_years_count,history_roe_len,history_fcf_len,history_opm_len,history_revenue_len
BAJAJFINSV,Bajaj Finserv Ltd,,PRO_01,pro,True,95.0,True,ROE > 20% for 12 consecutive years; avg ROE=6068.1%,9808.18,11.07,1817.19,3.2,,110382.0,15595.0,37.0,51.0,,537415.0,288933.0,120548.0,41786.0,25.78,18.23,14.91,12,12,12,12,12
BAJAJFINSV,Bajaj Finserv Ltd,,PRO_02,pro,False,0.0,False,No FCF history available,9808.18,11.07,1817.19,3.2,,110382.0,15595.0,37.0,51.0,,537415.0,288933.0,120548.0,41786.0,25.78,18.23,14.91,12,12,12,12,12
BAJAJFINSV,Bajaj Finserv Ltd,,PRO_03,pro,False,0.0,False,D/E = 1817.1900 (not debt-free),9808.18,11.07,1817.19,3.2,,110382.0,15595.0,37.0,51.0,,537415.0,288933.0,120548.0,41786.0,25.78,18.23,14.91,12,12,12,12,12
BAJAJFINSV,Bajaj Finserv Ltd,,PRO_04,pro,True,76.17,True,Revenue CAGR 5yr = 25.8%,9808.18,11.07,1817.19,3.2,,110382.0,15595.0,37.0,51.0,,537415.0,288933.0,120548.0,41786.0,25.78,18.23,14.91,12,12,12,12,12
BAJAJFINSV,Bajaj Finserv Ltd,,PRO_05,pro,True,74.4,True,OPM = 37.0%,9808.18,11.07,1817.19,3.2,,110382.0,15595.0,37.0,51.0,,537415.0,288933.0,120548.0,41786.0,25.78,18.23,14.91,12,12,12,12,12
BAJAJFINSV,Bajaj Finserv Ltd,,PRO_06,pro,False,0.0,False,PAT CAGR 5yr = 18.2% (<= 20%),9808.18,11.07,1817.19,3.2,,110382.0,15595.0,37.0,51.0,,537415.0,288933.0,120548.0,41786.0,25.78,18.23,14.91,12,12,12,12,12
BAJAJFINSV,Bajaj Finserv Ltd,,PRO_07,pro,False,0.0,False,ICR = 3.2 (<= 10) and not debt-free,9808.18,11.07,1817.19,3.2,,110382.0,15595.0,37.0,51.0,,537415.0,288933.0,120548.0,41786.0,25.78,18.23,14.91,12,12,12,12,12
BAJAJFINSV,Bajaj Finserv Ltd,,PRO_08,pro,False,0.0,False,FCF unavailable,9808.18,11.07,1817.19,3.2,,110382.0,15595.0,37.0,51.0,,537415.0,288933.0,120548.0,41786.0,25.78,18.23,14.91,12,12,12,12,12
BAJAJFINSV,Bajaj Finserv Ltd,,PRO_09,pro,False,0.0,False,EPS CAGR 5yr = 14.9% (<= 15%),9808.18,11.07,1817.19,3.2,,110382.0,15595.0,37.0,51.0,,537415.0,288933.0,120548.0,41786.0,25.78,18.23,14.91,12,12,12,12,12
BAJAJFINSV,Bajaj Finserv Ltd,,PRO_10,pro,False,0.0,False,ROE not improving for 3 consecutive years,9808.18,11.07,1817.19,3.2,,110382.0,15595.0,37.0,51.0,,537415.0,288933.0,120548.0,41786.0,25.78,18.23,14.91,12,12,12,12,12
BAJAJFINSV,Bajaj Finserv Ltd,,PRO_11,pro,True,82.65,True,Revenue CAGR (25.8%) > PAT CAGR (18.2%). SPEC CONTRADICTION: 'Revenue growing slower than profits' (text) conflicts with condition Revenue CAGR > PAT CAGR.,9808.18,11.07,1817.19,3.2,,110382.0,15595.0,37.0,51.0,,537415.0,288933.0,120548.0,41786.0,25.78,18.23,14.91,12,12,12,12,12
BAJAJFINSV,Bajaj Finserv Ltd,,PRO_12,pro,False,0.0,False,borrowings not declining,9808.18,11.07,1817.19,3.2,,110382.0,15595.0,37.0,51.0,,537415.0,288933.0,120548.0,41786.0,25.78,18.23,14.91,12,12,12,12,12
BAJAJFINSV,Bajaj Finserv Ltd,,CON_01,con,False,0.0,False,Company is in a financial sector.,9808.18,11.07,1817.19,3.2,,110382.0,15595.0,37.0,51.0,,537415.0,288933.0,120548.0,41786.0,25.78,18.23,14.91,12,12,12,12,12
BAJAJFINSV,Bajaj Finserv Ltd,,CON_02,con,False,0.0,False,No 3-year consecutive negative FCF streak.,9808.18,11.07,1817.19,3.2,,110382.0,15595.0,37.0,51.0,,537415.0,288933.0,120548.0,41786.0,25.78,18.23,14.91,12,12,12,12,12
BAJAJFINSV,Bajaj Finserv Ltd,,CON_03,con,False,0.0,False,No 3-year consecutive OPM decline.,9808.18,11.07,1817.19,3.2,,110382.0,15595.0,37.0,51.0,,537415.0,288933.0,120548.0,41786.0,25.78,18.23,14.91,12,12,12,12,12
BAJAJFINSV,Bajaj Finserv Ltd,,CON_04,con,False,0.0,False,"Latest Net Profit = 15,595 (>= 0)",9808.18,11.07,1817.19,3.2,,110382.0,15595.0,37.0,51.0,,537415.0,288933.0,120548.0,41786.0,25.78,18.23,14.91,12,12,12,12,12
BAJAJFINSV,Bajaj Finserv Ltd,,CON_05,con,False,0.0,False,No 2-year consecutive revenue decline.,9808.18,11.07,1817.19,3.2,,110382.0,15595.0,37.0,51.0,,537415.0,288933.0,120548.0,41786.0,25.78,18.23,14.91,12,12,12,12,12
BAJAJFINSV,Bajaj Finserv Ltd,,CON_06,con,False,0.0,False,ICR = 3.20 (>= 1.5),9808.18,11.07,1817.19,3.2,,110382.0,15595.0,37.0,51.0,,537415.0,288933.0,120548.0,41786.0,25.78,18.23,14.91,12,12,12,12,12
BAJAJFINSV,Bajaj Finserv Ltd,,CON_07,con,False,0.0,False,Dividend Payout = 2.0% (<= 100%),9808.18,11.07,1817.19,3.2,,110382.0,15595.0,37.0,51.0,,537415.0,288933.0,120548.0,41786.0,25.78,18.23,14.91,12,12,12,12,12
BAJAJFINSV,Bajaj Finserv Ltd,,CON_08,con,False,0.0,False,No 3-year consecutive D/E rise.,9808.18,11.07,1817.19,3.2,,110382.0,15595.0,37.0,51.0,,537415.0,288933.0,120548.0,41786.0,25.78,18.23,14.91,12,12,12,12,12
BAJAJFINSV,Bajaj Finserv Ltd,,CON_09,con,False,0.0,False,No 3-year consecutive EPS decline.,9808.18,11.07,1817.19,3.2,,110382.0,15595.0,37.0,51.0,,537415.0,288933.0,120548.0,41786.0,25.78,18.23,14.91,12,12,12,12,12
BAJAJFINSV,Bajaj Finserv Ltd,,CON_10,con,False,0.0,False,ROCE = 11.1% (>= 10%),9808.18,11.07,1817.19,3.2,,110382.0,15595.0,37.0,51.0,,537415.0,288933.0,120548.0,41786.0,25.78,18.23,14.91,12,12,12,12,12
BAJAJFINSV,Bajaj Finserv Ltd,,CON_11,con,False,0.0,False,Net Debt/EBITDA = 2.88x (<= 3x),9808.18,11.07,1817.19,3.2,,110382.0,15595.0,37.0,51.0,,537415.0,288933.0,120548.0,41786.0,25.78,18.23,14.91,12,12,12,12,12
BAJAJFINSV,Bajaj Finserv Ltd,,CON_12,con,False,0.0,False,Revenue CAGR 5yr = 25.8% (>= 5%),9808.18,11.07,1817.19,3.2,,110382.0,15595.0,37.0,51.0,,537415.0,288933.0,120548.0,41786.0,25.78,18.23,14.91,12,12,12,12,12
BOSCHLTD,Bosch Ltd,,PRO_01,pro,True,95.0,True,ROE > 20% for 10 consecutive years; avg ROE=4583.2%,8300.0,12.37,1.3,42.08,,16727.0,2490.0,13.0,844.0,,17355.0,39.0,-5086.0,2525.0,5.86,6.69,7.26,12,12,12,12,12
BOSCHLTD,Bosch Ltd,,PRO_02,pro,False,0.0,False,No FCF history available,8300.0,12.37,1.3,42.08,,16727.0,2490.0,13.0,844.0,,17355.0,39.0,-5086.0,2525.0,5.86,6.69,7.26,12,12,12,12,12
BOSCHLTD,Bosch Ltd,,PRO_03,pro,False,0.0,False,D/E = 1.3000 (not debt-free),8300.0,12.37,1.3,42.08,,16727.0,2490.0,13.0,844.0,,17355.0,39.0,-5086.0,2525.0,5.86,6.69,7.26,12,12,12,12,12
BOSCHLTD,Bosch Ltd,,PRO_04,pro,False,0.0,False,Revenue CAGR 5yr = 5.9% (<= 15%),8300.0,12.37,1.3,42.08,,16727.0,2490.0,13.0,844.0,,17355.0,39.0,-5086.0,2525.0,5.86,6.69,7.26,12,12,12,12,12
BOSCHLTD,Bosch Ltd,,PRO_05,pro,False,0.0,False,OPM = 13.0% (<= 25%),8300.0,12.37,1.3,42.08,,16727.0,2490.0,13.0,844.0,,17355.0,39.0,-5086.0,2525.0,5.86,6.69,7.26,12,12,12,12,12
BOSCHLTD,Bosch Ltd,,PRO_06,pro,False,0.0,False,PAT CAGR 5yr = 6.7% (<= 20%),8300.0,12.37,1.3,42.08,,16727.0,2490.0,13.0,844.0,,17355.0,39.0,-5086.0,2525.0,5.86,6.69,7.26,12,12,12,12,12
BOSCHLTD,Bosch Ltd,,PRO_07,pro,True,95.0,True,ICR = 42.1 (> 10),8300.0,12.37,1.3,42.08,,16727.0,2490.0,13.0,844.0,,17355.0,39.0,-5086.0,2525.0,5.86,6.69,7.26,12,12,12,12,12
BOSCHLTD,Bosch Ltd,,PRO_08,pro,False,0.0,False,FCF unavailable,8300.0,12.37,1.3,42.08,,16727.0,2490.0,13.0,844.0,,17355.0,39.0,-5086.0,2525.0,5.86,6.69,7.26,12,12,12,12,12
BOSCHLTD,Bosch Ltd,,PRO_09,pro,False,0.0,False,EPS CAGR 5yr = 7.3% (<= 15%),8300.0,12.37,1.3,42.08,,16727.0,2490.0,13.0,844.0,,17355.0,39.0,-5086.0,2525.0,5.86,6.69,7.26,12,12,12,12,12
BOSCHLTD,Bosch Ltd,,PRO_10,pro,True,95.0,True,ROE improved from 1606.7% to 8300.0% over 3 consecutive YoY steps,8300.0,12.37,1.3,42.08,,16727.0,2490.0,13.0,844.0,,17355.0,39.0,-5086.0,2525.0,5.86,6.69,7.26,12,12,12,12,12
BOSCHLTD,Bosch Ltd,,PRO_11,pro,False,0.0,False,Revenue CAGR (5.9%) <= PAT CAGR (6.7%),8300.0,12.37,1.3,42.08,,16727.0,2490.0,13.0,844.0,,17355.0,39.0,-5086.0,2525.0,5.86,6.69,7.26,12,12,12,12,12
BOSCHLTD,Bosch Ltd,,PRO_12,pro,True,85.1,True,Assets growing (+12.6%) and borrowings declining (-46.6%),8300.0,12.37,1.3,42.08,,16727.0,2490.0,13.0,844.0,,17355.0,39.0,-5086.0,2525.0,5.86,6.69,7.26,12,12,12,12,12
BOSCHLTD,Bosch Ltd,,CON_01,con,False,0.0,False,D/E = 1.30 (<= 2.0),8300.0,12.37,1.3,42.08,,16727.0,2490.0,13.0,844.0,,17355.0,39.0,-5086.0,2525.0,5.86,6.69,7.26,12,12,12,12,12
BOSCHLTD,Bosch Ltd,,CON_02,con,False,0.0,False,No 3-year consecutive negative FCF streak.,8300.0,12.37,1.3,42.08,,16727.0,2490.0,13.0,844.0,,17355.0,39.0,-5086.0,2525.0,5.86,6.69,7.26,12,12,12,12,12
BOSCHLTD,Bosch Ltd,,CON_03,con,False,0.0,False,No 3-year consecutive OPM decline.,8300.0,12.37,1.3,42.08,,16727.0,2490.0,13.0,844.0,,17355.0,39.0,-5086.0,2525.0,5.86,6.69,7.26,12,12,12,12,12
BOSCHLTD,Bosch Ltd,,CON_04,con,False,0.0,False,"Latest Net Profit = 2,490 (>= 0)",8300.0,12.37,1.3,42.08,,16727.0,2490.0,13.0,844.0,,17355.0,39.0,-5086.0,2525.0,5.86,6.69,7.26,12,12,12,12,12
BOSCHLTD,Bosch Ltd,,CON_05,con,False,0.0,False,No 2-year consecutive revenue decline.,8300.0,12.37,1.3,42.08,,16727.0,2490.0,13.0,844.0,,17355.0,39.0,-5086.0,2525.0,5.86,6.69,7.26,12,12,12,12,12
BOSCHLTD,Bosch Ltd,,CON_06,con,False,0.0,False,ICR = 42.08 (>= 1.5),8300.0,12.37,1.3,42.08,,16727.0,2490.0,13.0,844.0,,17355.0,39.0,-5086.0,2525.0,5.86,6.69,7.26,12,12,12,12,12
BOSCHLTD,Bosch Ltd,,CON_07,con,False,0.0,False,Dividend Payout = 44.0% (<= 100%),8300.0,12.37,1.3,42.08,,16727.0,2490.0,13.0,844.0,,17355.0,39.0,-5086.0,2525.0,5.86,6.69,7.26,12,12,12,12,12
BOSCHLTD,Bosch Ltd,,CON_08,con,False,0.0,False,No 3-year consecutive D/E rise.,8300.0,12.37,1.3,42.08,,16727.0,2490.0,13.0,844.0,,17355.0,39.0,-5086.0,2525.0,5.86,6.69,7.26,12,12,12,12,12
BOSCHLTD,Bosch Ltd,,CON_09,con,False,0.0,False,No 3-year consecutive EPS decline.,8300.0,12.37,1.3,42.08,,16727.0,2490.0,13.0,844.0,,17355.0,39.0,-5086.0,2525.0,5.86,6.69,7.26,12,12,12,12,12
BOSCHLTD,Bosch Ltd,,CON_10,con,False,0.0,False,ROCE = 12.4% (>= 10%),8300.0,12.37,1.3,42.08,,16727.0,2490.0,13.0,844.0,,17355.0,39.0,-5086.0,2525.0,5.86,6.69,7.26,12,12,12,12,12
BOSCHLTD,Bosch Ltd,,CON_11,con,False,0.0,False,Net Debt/EBITDA = -2.01x (<= 3x),8300.0,12.37,1.3,42.08,,16727.0,2490.0,13.0,844.0,,17355.0,39.0,-5086.0,2525.0,5.86,6.69,7.26,12,12,12,12,12
BOSCHLTD,Bosch Ltd,,CON_12,con,False,0.0,False,Revenue CAGR 5yr = 5.9% (>= 5%),8300.0,12.37,1.3,42.08,,16727.0,2490.0,13.0,844.0,,17355.0,39.0,-5086.0,2525.0,5.86,6.69,7.26,12,12,12,12,12
COALINDIA,Coal India Ltd,,PRO_01,pro,True,95.0,True,ROE > 20% for 12 consecutive years; avg ROE=282.0%,606.34,43.45,1.06,12.24,,142324.0,37369.0,47971.0,61.0,,236470.0,6523.0,-587.0,101087.0,6.18,5.85,6.27,12,12,12,12,12
COALINDIA,Coal India Ltd,,PRO_02,pro,False,0.0,False,No FCF history available,606.34,43.45,1.06,12.24,,142324.0,37369.0,47971.0,61.0,,236470.0,6523.0,-587.0,101087.0,6.18,5.85,6.27,12,12,12,12,12
COALINDIA,Coal India Ltd,,PRO_03,pro,False,0.0,False,D/E = 1.0600 (not debt-free),606.34,43.45,1.06,12.24,,142324.0,37369.0,47971.0,61.0,,236470.0,6523.0,-587.0,101087.0,6.18,5.85,6.27,12,12,12,12,12
COALINDIA,Coal India Ltd,,PRO_04,pro,False,0.0,False,Revenue CAGR 5yr = 6.2% (<= 15%),606.34,43.45,1.06,12.24,,142324.0,37369.0,47971.0,61.0,,236470.0,6523.0,-587.0,101087.0,6.18,5.85,6.27,12,12,12,12,12
COALINDIA,Coal India Ltd,,PRO_05,pro,True,95.0,True,OPM = 47971.0%,606.34,43.45,1.06,12.24,,142324.0,37369.0,47971.0,61.0,,236470.0,6523.0,-587.0,101087.0,6.18,5.85,6.27,12,12,12,12,12
COALINDIA,Coal India Ltd,,PRO_06,pro,False,0.0,False,PAT CAGR 5yr = 5.8% (<= 20%),606.34,43.45,1.06,12.24,,142324.0,37369.0,47971.0,61.0,,236470.0,6523.0,-587.0,101087.0,6.18,5.85,6.27,12,12,12,12,12
COALINDIA,Coal India Ltd,,PRO_07,pro,True,62.69,True,ICR = 12.2 (> 10),606.34,43.45,1.06,12.24,,142324.0,37369.0,47971.0,61.0,,236470.0,6523.0,-587.0,101087.0,6.18,5.85,6.27,12,12,12,12,12
COALINDIA,Coal India Ltd,,PRO_08,pro,False,0.0,False,FCF unavailable,606.34,43.45,1.06,12.24,,142324.0,37369.0,47971.0,61.0,,236470.0,6523.0,-587.0,101087.0,6.18,5.85,6.27,12,12,12,12,12
COALINDIA,Coal India Ltd,,PRO_09,pro,False,0.0,False,EPS CAGR 5yr = 6.3% (<= 15%),606.34,43.45,1.06,12.24,,142324.0,37369.0,47971.0,61.0,,236470.0,6523.0,-587.0,101087.0,6.18,5.85,6.27,12,12,12,12,12
COALINDIA,Coal India Ltd,,PRO_10,pro,True,95.0,True,ROE improved from 206.1% to 606.3% over 3 consecutive YoY steps,606.34,43.45,1.06,12.24,,142324.0,37369.0,47971.0,61.0,,236470.0,6523.0,-587.0,101087.0,6.18,5.85,6.27,12,12,12,12,12
COALINDIA,Coal India Ltd,,PRO_11,pro,True,60.99,True,Revenue CAGR (6.2%) > PAT CAGR (5.8%). SPEC CONTRADICTION: 'Revenue growing slower than profits' (text) conflicts with condition Revenue CAGR > PAT CAGR.,606.34,43.45,1.06,12.24,,142324.0,37369.0,47971.0,61.0,,236470.0,6523.0,-587.0,101087.0,6.18,5.85,6.27,12,12,12,12,12
COALINDIA,Coal India Ltd,,PRO_12,pro,False,0.0,False,borrowings not declining,606.34,43.45,1.06,12.24,,142324.0,37369.0,47971.0,61.0,,236470.0,6523.0,-587.0,101087.0,6.18,5.85,6.27,12,12,12,12,12
COALINDIA,Coal India Ltd,,CON_01,con,False,0.0,False,D/E = 1.06 (<= 2.0),606.34,43.45,1.06,12.24,,142324.0,37369.0,47971.0,61.0,,236470.0,6523.0,-587.0,101087.0,6.18,5.85,6.27,12,12,12,12,12
COALINDIA,Coal India Ltd,,CON_02,con,False,0.0,False,No 3-year consecutive negative FCF streak.,606.34,43.45,1.06,12.24,,142324.0,37369.0,47971.0,61.0,,236470.0,6523.0,-587.0,101087.0,6.18,5.85,6.27,12,12,12,12,12
COALINDIA,Coal India Ltd,,CON_03,con,False,0.0,False,No 3-year consecutive OPM decline.,606.34,43.45,1.06,12.24,,142324.0,37369.0,47971.0,61.0,,236470.0,6523.0,-587.0,101087.0,6.18,5.85,6.27,12,12,12,12,12
COALINDIA,Coal India Ltd,,CON_04,con,False,0.0,False,"Latest Net Profit = 37,369 (>= 0)",606.34,43.45,1.06,12.24,,142324.0,37369.0,47971.0,61.0,,236470.0,6523.0,-587.0,101087.0,6.18,5.85,6.27,12,12,12,12,12
COALINDIA,Coal India Ltd,,CON_05,con,False,0.0,False,No 2-year consecutive revenue decline.,606.34,43.45,1.06,12.24,,142324.0,37369.0,47971.0,61.0,,236470.0,6523.0,-587.0,101087.0,6.18,5.85,6.27,12,12,12,12,12
COALINDIA,Coal India Ltd,,CON_06,con,False,0.0,False,ICR = 12.24 (>= 1.5),606.34,43.45,1.06,12.24,,142324.0,37369.0,47971.0,61.0,,236470.0,6523.0,-587.0,101087.0,6.18,5.85,6.27,12,12,12,12,12
COALINDIA,Coal India Ltd,,CON_07,con,False,0.0,False,Dividend Payout = 42.0% (<= 100%),606.34,43.45,1.06,12.24,,142324.0,37369.0,47971.0,61.0,,236470.0,6523.0,-587.0,101087.0,6.18,5.85,6.27,12,12,12,12,12
COALINDIA,Coal India Ltd,,CON_08,con,False,0.0,False,No 3-year consecutive D/E rise.,606.34,43.45,1.06,12.24,,142324.0,37369.0,47971.0,61.0,,236470.0,6523.0,-587.0,101087.0,6.18,5.85,6.27,12,12,12,12,12
COALINDIA,Coal India Ltd,,CON_09,con,False,0.0,False,No 3-year consecutive EPS decline.,606.34,43.45,1.06,12.24,,142324.0,37369.0,47971.0,61.0,,236470.0,6523.0,-587.0,101087.0,6.18,5.85,6.27,12,12,12,12,12
COALINDIA,Coal India Ltd,,CON_10,con,False,0.0,False,ROCE = 43.5% (>= 10%),606.34,43.45,1.06,12.24,,142324.0,37369.0,47971.0,61.0,,236470.0,6523.0,-587.0,101087.0,6.18,5.85,6.27,12,12,12,12,12
COALINDIA,Coal India Ltd,,CON_11,con,False,0.0,False,Net Debt/EBITDA = -0.01x (<= 3x),606.34,43.45,1.06,12.24,,142324.0,37369.0,47971.0,61.0,,236470.0,6523.0,-587.0,101087.0,6.18,5.85,6.27,12,12,12,12,12
COALINDIA,Coal India Ltd,,CON_12,con,False,0.0,False,Revenue CAGR 5yr = 6.2% (>= 5%),606.34,43.45,1.06,12.24,,142324.0,37369.0,47971.0,61.0,,236470.0,6523.0,-587.0,101087.0,6.18,5.85,6.27,12,12,12,12,12
DIVISLAB,Divis Laboratories Ltd,,PRO_01,pro,True,95.0,True,ROE > 20% for 12 consecutive years; avg ROE=2913.9%,3018.87,14.32,0.06,553.5,,7845.0,1600.0,28.0,60.0,,15460.0,3.0,-79.0,2588.0,12.28,9.74,9.59,12,12,12,12,12
DIVISLAB,Divis Laboratories Ltd,,PRO_02,pro,False,0.0,False,No FCF history available,3018.87,14.32,0.06,553.5,,7845.0,1600.0,28.0,60.0,,15460.0,3.0,-79.0,2588.0,12.28,9.74,9.59,12,12,12,12,12
DIVISLAB,Divis Laboratories Ltd,,PRO_03,pro,False,0.0,False,D/E = 0.0600 (not debt-free),3018.87,14.32,0.06,553.5,,7845.0,1600.0,28.0,60.0,,15460.0,3.0,-79.0,2588.0,12.28,9.74,9.59,12,12,12,12,12
DIVISLAB,Divis Laboratories Ltd,,PRO_04,pro,False,0.0,False,Revenue CAGR 5yr = 12.3% (<= 15%),3018.87,14.32,0.06,553.5,,7845.0,1600.0,28.0,60.0,,15460.0,3.0,-79.0,2588.0,12.28,9.74,9.59,12,12,12,12,12
DIVISLAB,Divis Laboratories Ltd,,PRO_05,pro,True,63.6,True,OPM = 28.0%,3018.87,14.32,0.06,553.5,,7845.0,1600.0,28.0,60.0,,15460.0,3.0,-79.0,2588.0,12.28,9.74,9.59,12,12,12,12,12
DIVISLAB,Divis Laboratories Ltd,,PRO_06,pro,False,0.0,False,PAT CAGR 5yr = 9.7% (<= 20%),3018.87,14.32,0.06,553.5,,7845.0,1600.0,28.0,60.0,,15460.0,3.0,-79.0,2588.0,12.28,9.74,9.59,12,12,12,12,12
DIVISLAB,Divis Laboratories Ltd,,PRO_07,pro,True,95.0,True,ICR = 553.5 (> 10),3018.87,14.32,0.06,553.5,,7845.0,1600.0,28.0,60.0,,15460.0,3.0,-79.0,2588.0,12.28,9.74,9.59,12,12,12,12,12
DIVISLAB,Divis Laboratories Ltd,,PRO_08,pro,False,0.0,False,dividend yield = 0.2% (<= 2%); FCF unavailable,3018.87,14.32,0.06,553.5,,7845.0,1600.0,28.0,60.0,,15460.0,3.0,-79.0,2588.0,12.28,9.74,9.59,12,12,12,12,12
DIVISLAB,Divis Laboratories Ltd,,PRO_09,pro,False,0.0,False,EPS CAGR 5yr = 9.6% (<= 15%),3018.87,14.32,0.06,553.5,,7845.0,1600.0,28.0,60.0,,15460.0,3.0,-79.0,2588.0,12.28,9.74,9.59,12,12,12,12,12
DIVISLAB,Divis Laboratories Ltd,,PRO_10,pro,False,0.0,False,ROE not improving for 3 consecutive years,3018.87,14.32,0.06,553.5,,7845.0,1600.0,28.0,60.0,,15460.0,3.0,-79.0,2588.0,12.28,9.74,9.59,12,12,12,12,12
DIVISLAB,Divis Laboratories Ltd,,PRO_11,pro,True,67.62,True,Revenue CAGR (12.3%) > PAT CAGR (9.7%). SPEC CONTRADICTION: 'Revenue growing slower than profits' (text) conflicts with condition Revenue CAGR > PAT CAGR.,3018.87,14.32,0.06,553.5,,7845.0,1600.0,28.0,60.0,,15460.0,3.0,-79.0,2588.0,12.28,9.74,9.59,12,12,12,12,12
DIVISLAB,Divis Laboratories Ltd,,PRO_12,pro,False,0.0,False,borrowings not declining,3018.87,14.32,0.06,553.5,,7845.0,1600.0,28.0,60.0,,15460.0,3.0,-79.0,2588.0,12.28,9.74,9.59,12,12,12,12,12
DIVISLAB,Divis Laboratories Ltd,,CON_01,con,False,0.0,False,D/E = 0.06 (<= 2.0),3018.87,14.32,0.06,553.5,,7845.0,1600.0,28.0,60.0,,15460.0,3.0,-79.0,2588.0,12.28,9.74,9.59,12,12,12,12,12
DIVISLAB,Divis Laboratories Ltd,,CON_02,con,False,0.0,False,No 3-year consecutive negative FCF streak.,3018.87,14.32,0.06,553.5,,7845.0,1600.0,28.0,60.0,,15460.0,3.0,-79.0,2588.0,12.28,9.74,9.59,12,12,12,12,12
DIVISLAB,Divis Laboratories Ltd,,CON_03,con,False,0.0,False,No 3-year consecutive OPM decline.,3018.87,14.32,0.06,553.5,,7845.0,1600.0,28.0,60.0,,15460.0,3.0,-79.0,2588.0,12.28,9.74,9.59,12,12,12,12,12
DIVISLAB,Divis Laboratories Ltd,,CON_04,con,False,0.0,False,"Latest Net Profit = 1,600 (>= 0)",3018.87,14.32,0.06,553.5,,7845.0,1600.0,28.0,60.0,,15460.0,3.0,-79.0,2588.0,12.28,9.74,9.59,12,12,12,12,12
DIVISLAB,Divis Laboratories Ltd,,CON_05,con,False,0.0,False,No 2-year consecutive revenue decline.,3018.87,14.32,0.06,553.5,,7845.0,1600.0,28.0,60.0,,15460.0,3.0,-79.0,2588.0,12.28,9.74,9.59,12,12,12,12,12
DIVISLAB,Divis Laboratories Ltd,,CON_06,con,False,0.0,False,ICR = 553.50 (>= 1.5),3018.87,14.32,0.06,553.5,,7845.0,1600.0,28.0,60.0,,15460.0,3.0,-79.0,2588.0,12.28,9.74,9.59,12,12,12,12,12
DIVISLAB,Divis Laboratories Ltd,,CON_07,con,False,0.0,False,Dividend Payout = 50.0% (<= 100%),3018.87,14.32,0.06,553.5,,7845.0,1600.0,28.0,60.0,,15460.0,3.0,-79.0,2588.0,12.28,9.74,9.59,12,12,12,12,12
DIVISLAB,Divis Laboratories Ltd,,CON_08,con,False,0.0,False,No 3-year consecutive D/E rise.,3018.87,14.32,0.06,553.5,,7845.0,1600.0,28.0,60.0,,15460.0,3.0,-79.0,2588.0,12.28,9.74,9.59,12,12,12,12,12
DIVISLAB,Divis Laboratories Ltd,,CON_09,con,False,0.0,False,No 3-year consecutive EPS decline.,3018.87,14.32,0.06,553.5,,7845.0,1600.0,28.0,60.0,,15460.0,3.0,-79.0,2588.0,12.28,9.74,9.59,12,12,12,12,12
DIVISLAB,Divis Laboratories Ltd,,CON_10,con,False,0.0,False,ROCE = 14.3% (>= 10%),3018.87,14.32,0.06,553.5,,7845.0,1600.0,28.0,60.0,,15460.0,3.0,-79.0,2588.0,12.28,9.74,9.59,12,12,12,12,12
DIVISLAB,Divis Laboratories Ltd,,CON_11,con,False,0.0,False,Net Debt/EBITDA = -0.03x (<= 3x),3018.87,14.32,0.06,553.5,,7845.0,1600.0,28.0,60.0,,15460.0,3.0,-79.0,2588.0,12.28,9.74,9.59,12,12,12,12,12
DIVISLAB,Divis Laboratories Ltd,,CON_12,con,False,0.0,False,Revenue CAGR 5yr = 12.3% (>= 5%),3018.87,14.32,0.06,553.5,,7845.0,1600.0,28.0,60.0,,15460.0,3.0,-79.0,2588.0,12.28,9.74,9.59,12,12,12,12,12
DMART,Avenue Supermarts Ltd,,PRO_01,pro,True,95.0,True,ROE > 20% for 11 consecutive years; avg ROE=166.5%,389.55,19.67,0.91,71.79,,50789.0,2536.0,8.0,39.0,,21172.0,592.0,485.0,4837.0,26.71,32.37,28.88,12,12,12,12,12
DMART,Avenue Supermarts Ltd,,PRO_02,pro,False,0.0,False,No FCF history available,389.55,19.67,0.91,71.79,,50789.0,2536.0,8.0,39.0,,21172.0,592.0,485.0,4837.0,26.71,32.37,28.88,12,12,12,12,12
DMART,Avenue Supermarts Ltd,,PRO_03,pro,False,0.0,False,D/E = 0.9100 (not debt-free),389.55,19.67,0.91,71.79,,50789.0,2536.0,8.0,39.0,,21172.0,592.0,485.0,4837.0,26.71,32.37,28.88,12,12,12,12,12
DMART,Avenue Supermarts Ltd,,PRO_04,pro,True,77.56,True,Revenue CAGR 5yr = 26.7%,389.55,19.67,0.91,71.79,,50789.0,2536.0,8.0,39.0,,21172.0,592.0,485.0,4837.0,26.71,32.37,28.88,12,12,12,12,12
DMART,Avenue Supermarts Ltd,,PRO_05,pro,False,0.0,False,OPM = 8.0% (<= 25%),389.55,19.67,0.91,71.79,,50789.0,2536.0,8.0,39.0,,21172.0,592.0,485.0,4837.0,26.71,32.37,28.88,12,12,12,12,12
DMART,Avenue Supermarts Ltd,,PRO_06,pro,True,78.55,True,PAT CAGR 5yr = 32.4%,389.55,19.67,0.91,71.79,,50789.0,2536.0,8.0,39.0,,21172.0,592.0,485.0,4837.0,26.71,32.37,28.88,12,12,12,12,12
DMART,Avenue Supermarts Ltd,,PRO_07,pro,True,95.0,True,ICR = 71.8 (> 10),389.55,19.67,0.91,71.79,,50789.0,2536.0,8.0,39.0,,21172.0,592.0,485.0,4837.0,26.71,32.37,28.88,12,12,12,12,12
DMART,Avenue Supermarts Ltd,,PRO_08,pro,False,0.0,False,FCF unavailable,389.55,19.67,0.91,71.79,,50789.0,2536.0,8.0,39.0,,21172.0,592.0,485.0,4837.0,26.71,32.37,28.88,12,12,12,12,12
DMART,Avenue Supermarts Ltd,,PRO_09,pro,True,80.82,True,EPS CAGR 5yr = 28.9%,389.55,19.67,0.91,71.79,,50789.0,2536.0,8.0,39.0,,21172.0,592.0,485.0,4837.0,26.71,32.37,28.88,12,12,12,12,12
DMART,Avenue Supermarts Ltd,,PRO_10,pro,True,95.0,True,ROE improved from 169.6% to 389.6% over 3 consecutive YoY steps,389.55,19.67,0.91,71.79,,50789.0,2536.0,8.0,39.0,,21172.0,592.0,485.0,4837.0,26.71,32.37,28.88,12,12,12,12,12
DMART,Avenue Supermarts Ltd,,PRO_11,pro,False,0.0,False,Revenue CAGR (26.7%) <= PAT CAGR (32.4%),389.55,19.67,0.91,71.79,,50789.0,2536.0,8.0,39.0,,21172.0,592.0,485.0,4837.0,26.71,32.37,28.88,12,12,12,12,12
DMART,Avenue Supermarts Ltd,,PRO_12,pro,True,86.8,True,Assets growing (+36.8%) and borrowings declining (-8.5%),389.55,19.67,0.91,71.79,,50789.0,2536.0,8.0,39.0,,21172.0,592.0,485.0,4837.0,26.71,32.37,28.88,12,12,12,12,12
DMART,Avenue Supermarts Ltd,,CON_01,con,False,0.0,False,D/E = 0.91 (<= 2.0),389.55,19.67,0.91,71.79,,50789.0,2536.0,8.0,39.0,,21172.0,592.0,485.0,4837.0,26.71,32.37,28.88,12,12,12,12,12
DMART,Avenue Supermarts Ltd,,CON_02,con,False,0.0,False,No 3-year consecutive negative FCF streak.,389.55,19.67,0.91,71.79,,50789.0,2536.0,8.0,39.0,,21172.0,592.0,485.0,4837.0,26.71,32.37,28.88,12,12,12,12,12
DMART,Avenue Supermarts Ltd,,CON_03,con,False,0.0,False,No 3-year consecutive OPM decline.,389.55,19.67,0.91,71.79,,50789.0,2536.0,8.0,39.0,,21172.0,592.0,485.0,4837.0,26.71,32.37,28.88,12,12,12,12,12
DMART,Avenue Supermarts Ltd,,CON_04,con,False,0.0,False,"Latest Net Profit = 2,536 (>= 0)",389.55,19.67,0.91,71.79,,50789.0,2536.0,8.0,39.0,,21172.0,592.0,485.0,4837.0,26.71,32.37,28.88,12,12,12,12,12
DMART,Avenue Supermarts Ltd,,CON_05,con,False,0.0,False,No 2-year consecutive revenue decline.,389.55,19.67,0.91,71.79,,50789.0,2536.0,8.0,39.0,,21172.0,592.0,485.0,4837.0,26.71,32.37,28.88,12,12,12,12,12
DMART,Avenue Supermarts Ltd,,CON_06,con,False,0.0,False,ICR = 71.79 (>= 1.5),389.55,19.67,0.91,71.79,,50789.0,2536.0,8.0,39.0,,21172.0,592.0,485.0,4837.0,26.71,32.37,28.88,12,12,12,12,12
DMART,Avenue Supermarts Ltd,,CON_07,con,False,0.0,False,Dividend Payout = 0.0% (<= 100%),389.55,19.67,0.91,71.79,,50789.0,2536.0,8.0,39.0,,21172.0,592.0,485.0,4837.0,26.71,32.37,28.88,12,12,12,12,12
DMART,Avenue Supermarts Ltd,,CON_08,con,False,0.0,False,No 3-year consecutive D/E rise.,389.55,19.67,0.91,71.79,,50789.0,2536.0,8.0,39.0,,21172.0,592.0,485.0,4837.0,26.71,32.37,28.88,12,12,12,12,12
DMART,Avenue Supermarts Ltd,,CON_09,con,False,0.0,False,No 3-year consecutive EPS decline.,389.55,19.67,0.91,71.79,,50789.0,2536.0,8.0,39.0,,21172.0,592.0,485.0,4837.0,26.71,32.37,28.88,12,12,12,12,12
DMART,Avenue Supermarts Ltd,,CON_10,con,False,0.0,False,ROCE = 19.7% (>= 10%),389.55,19.67,0.91,71.79,,50789.0,2536.0,8.0,39.0,,21172.0,592.0,485.0,4837.0,26.71,32.37,28.88,12,12,12,12,12
DMART,Avenue Supermarts Ltd,,CON_11,con,False,0.0,False,Net Debt/EBITDA = 0.10x (<= 3x),389.55,19.67,0.91,71.79,,50789.0,2536.0,8.0,39.0,,21172.0,592.0,485.0,4837.0,26.71,32.37,28.88,12,12,12,12,12
DMART,Avenue Supermarts Ltd,,CON_12,con,False,0.0,False,Revenue CAGR 5yr = 26.7% (>= 5%),389.55,19.67,0.91,71.79,,50789.0,2536.0,8.0,39.0,,21172.0,592.0,485.0,4837.0,26.71,32.37,28.88,12,12,12,12,12
HDFCLIFE,HDFC Life Insurance Company Ltd,,PRO_01,pro,True,95.0,True,ROE > 20% for 12 consecutive years; avg ROE=52.8%,73.18,33.53,0.44,193.29,,101482.0,1574.0,531.0,7.0,,302687.0,950.0,-290178.0,101030.0,17.84,12.03,12.25,12,12,12,12,12
HDFCLIFE,HDFC Life Insurance Company Ltd,,PRO_02,pro,False,0.0,False,No FCF history available,73.18,33.53,0.44,193.29,,101482.0,1574.0,531.0,7.0,,302687.0,950.0,-290178.0,101030.0,17.84,12.03,12.25,12,12,12,12,12
HDFCLIFE,HDFC Life Insurance Company Ltd,,PRO_03,pro,False,0.0,False,D/E = 0.4400 (not debt-free),73.18,33.53,0.44,193.29,,101482.0,1574.0,531.0,7.0,,302687.0,950.0,-290178.0,101030.0,17.84,12.03,12.25,12,12,12,12,12
HDFCLIFE,HDFC Life Insurance Company Ltd,,PRO_04,pro,True,64.26,True,Revenue CAGR 5yr = 17.8%,73.18,33.53,0.44,193.29,,101482.0,1574.0,531.0,7.0,,302687.0,950.0,-290178.0,101030.0,17.84,12.03,12.25,12,12,12,12,12
HDFCLIFE,HDFC Life Insurance Company Ltd,,PRO_05,pro,True,95.0,True,OPM = 531.0%,73.18,33.53,0.44,193.29,,101482.0,1574.0,531.0,7.0,,302687.0,950.0,-290178.0,101030.0,17.84,12.03,12.25,12,12,12,12,12
HDFCLIFE,HDFC Life Insurance Company Ltd,,PRO_06,pro,False,0.0,False,PAT CAGR 5yr = 12.0% (<= 20%),73.18,33.53,0.44,193.29,,101482.0,1574.0,531.0,7.0,,302687.0,950.0,-290178.0,101030.0,17.84,12.03,12.25,12,12,12,12,12
HDFCLIFE,HDFC Life Insurance Company Ltd,,PRO_07,pro,True,95.0,True,ICR = 193.3 (> 10),73.18,33.53,0.44,193.29,,101482.0,1574.0,531.0,7.0,,302687.0,950.0,-290178.0,101030.0,17.84,12.03,12.25,12,12,12,12,12
HDFCLIFE,HDFC Life Insurance Company Ltd,,PRO_08,pro,False,0.0,False,FCF unavailable,73.18,33.53,0.44,193.29,,101482.0,1574.0,531.0,7.0,,302687.0,950.0,-290178.0,101030.0,17.84,12.03,12.25,12,12,12,12,12
HDFCLIFE,HDFC Life Insurance Company Ltd,,PRO_09,pro,False,0.0,False,EPS CAGR 5yr = 12.2% (<= 15%),73.18,33.53,0.44,193.29,,101482.0,1574.0,531.0,7.0,,302687.0,950.0,-290178.0,101030.0,17.84,12.03,12.25,12,12,12,12,12
HDFCLIFE,HDFC Life Insurance Company Ltd,,PRO_10,pro,False,0.0,False,ROE not improving for 3 consecutive years,73.18,33.53,0.44,193.29,,101482.0,1574.0,531.0,7.0,,302687.0,950.0,-290178.0,101030.0,17.84,12.03,12.25,12,12,12,12,12
HDFCLIFE,HDFC Life Insurance Company Ltd,,PRO_11,pro,True,77.43,True,Revenue CAGR (17.8%) > PAT CAGR (12.0%). SPEC CONTRADICTION: 'Revenue growing slower than profits' (text) conflicts with condition Revenue CAGR > PAT CAGR.,73.18,33.53,0.44,193.29,,101482.0,1574.0,531.0,7.0,,302687.0,950.0,-290178.0,101030.0,17.84,12.03,12.25,12,12,12,12,12
HDFCLIFE,HDFC Life Insurance Company Ltd,,PRO_12,pro,False,0.0,False,borrowings not declining,73.18,33.53,0.44,193.29,,101482.0,1574.0,531.0,7.0,,302687.0,950.0,-290178.0,101030.0,17.84,12.03,12.25,12,12,12,12,12
HDFCLIFE,HDFC Life Insurance Company Ltd,,CON_01,con,False,0.0,False,Company is in a financial sector.,73.18,33.53,0.44,193.29,,101482.0,1574.0,531.0,7.0,,302687.0,950.0,-290178.0,101030.0,17.84,12.03,12.25,12,12,12,12,12
HDFCLIFE,HDFC Life Insurance Company Ltd,,CON_02,con,False,0.0,False,No 3-year consecutive negative FCF streak.,73.18,33.53,0.44,193.29,,101482.0,1574.0,531.0,7.0,,302687.0,950.0,-290178.0,101030.0,17.84,12.03,12.25,12,12,12,12,12
HDFCLIFE,HDFC Life Insurance Company Ltd,,CON_03,con,False,0.0,False,No 3-year consecutive OPM decline.,73.18,33.53,0.44,193.29,,101482.0,1574.0,531.0,7.0,,302687.0,950.0,-290178.0,101030.0,17.84,12.03,12.25,12,12,12,12,12
HDFCLIFE,HDFC Life Insurance Company Ltd,,CON_04,con,False,0.0,False,"Latest Net Profit = 1,574 (>= 0)",73.18,33.53,0.44,193.29,,101482.0,1574.0,531.0,7.0,,302687.0,950.0,-290178.0,101030.0,17.84,12.03,12.25,12,12,12,12,12
HDFCLIFE,HDFC Life Insurance Company Ltd,,CON_05,con,False,0.0,False,No 2-year consecutive revenue decline.,73.18,33.53,0.44,193.29,,101482.0,1574.0,531.0,7.0,,302687.0,950.0,-290178.0,101030.0,17.84,12.03,12.25,12,12,12,12,12
HDFCLIFE,HDFC Life Insurance Company Ltd,,CON_06,con,False,0.0,False,ICR = 193.29 (>= 1.5),73.18,33.53,0.44,193.29,,101482.0,1574.0,531.0,7.0,,302687.0,950.0,-290178.0,101030.0,17.84,12.03,12.25,12,12,12,12,12
HDFCLIFE,HDFC Life Insurance Company Ltd,,CON_07,con,False,0.0,False,Dividend Payout = 27.0% (<= 100%),73.18,33.53,0.44,193.29,,101482.0,1574.0,531.0,7.0,,302687.0,950.0,-290178.0,101030.0,17.84,12.03,12.25,12,12,12,12,12
HDFCLIFE,HDFC Life Insurance Company Ltd,,CON_08,con,False,0.0,False,No 3-year consecutive D/E rise.,73.18,33.53,0.44,193.29,,101482.0,1574.0,531.0,7.0,,302687.0,950.0,-290178.0,101030.0,17.84,12.03,12.25,12,12,12,12,12
HDFCLIFE,HDFC Life Insurance Company Ltd,,CON_09,con,False,0.0,False,No 3-year consecutive EPS decline.,73.18,33.53,0.44,193.29,,101482.0,1574.0,531.0,7.0,,302687.0,950.0,-290178.0,101030.0,17.84,12.03,12.25,12,12,12,12,12
HDFCLIFE,HDFC Life Insurance Company Ltd,,CON_10,con,False,0.0,False,ROCE = 33.5% (>= 10%),73.18,33.53,0.44,193.29,,101482.0,1574.0,531.0,7.0,,302687.0,950.0,-290178.0,101030.0,17.84,12.03,12.25,12,12,12,12,12
HDFCLIFE,HDFC Life Insurance Company Ltd,,CON_11,con,False,0.0,False,Net Debt/EBITDA = -2.87x (<= 3x),73.18,33.53,0.44,193.29,,101482.0,1574.0,531.0,7.0,,302687.0,950.0,-290178.0,101030.0,17.84,12.03,12.25,12,12,12,12,12
HDFCLIFE,HDFC Life Insurance Company Ltd,,CON_12,con,False,0.0,False,Revenue CAGR 5yr = 17.8% (>= 5%),73.18,33.53,0.44,193.29,,101482.0,1574.0,531.0,7.0,,302687.0,950.0,-290178.0,101030.0,17.84,12.03,12.25,12,12,12,12,12
ICICIGI,ICICI Lombard General Insurance Company Ltd,,PRO_01,pro,True,95.0,True,ROE > 20% for 12 consecutive years; avg ROE=217.1%,389.25,28.47,0.07,160.91,,20487.0,1919.0,2577.0,39.0,,63308.0,35.0,-48549.0,18044.0,15.79,17.79,16.69,12,12,12,12,12
ICICIGI,ICICI Lombard General Insurance Company Ltd,,PRO_02,pro,False,0.0,False,No FCF history available,389.25,28.47,0.07,160.91,,20487.0,1919.0,2577.0,39.0,,63308.0,35.0,-48549.0,18044.0,15.79,17.79,16.69,12,12,12,12,12
ICICIGI,ICICI Lombard General Insurance Company Ltd,,PRO_03,pro,False,0.0,False,D/E = 0.0700 (not debt-free),389.25,28.47,0.07,160.91,,20487.0,1919.0,2577.0,39.0,,63308.0,35.0,-48549.0,18044.0,15.79,17.79,16.69,12,12,12,12,12
ICICIGI,ICICI Lombard General Insurance Company Ltd,,PRO_04,pro,True,61.19,True,Revenue CAGR 5yr = 15.8%,389.25,28.47,0.07,160.91,,20487.0,1919.0,2577.0,39.0,,63308.0,35.0,-48549.0,18044.0,15.79,17.79,16.69,12,12,12,12,12
ICICIGI,ICICI Lombard General Insurance Company Ltd,,PRO_05,pro,True,95.0,True,OPM = 2577.0%,389.25,28.47,0.07,160.91,,20487.0,1919.0,2577.0,39.0,,63308.0,35.0,-48549.0,18044.0,15.79,17.79,16.69,12,12,12,12,12
ICICIGI,ICICI Lombard General Insurance Company Ltd,,PRO_06,pro,False,0.0,False,PAT CAGR 5yr = 17.8% (<= 20%),389.25,28.47,0.07,160.91,,20487.0,1919.0,2577.0,39.0,,63308.0,35.0,-48549.0,18044.0,15.79,17.79,16.69,12,12,12,12,12
ICICIGI,ICICI Lombard General Insurance Company Ltd,,PRO_07,pro,True,95.0,True,ICR = 160.9 (> 10),389.25,28.47,0.07,160.91,,20487.0,1919.0,2577.0,39.0,,63308.0,35.0,-48549.0,18044.0,15.79,17.79,16.69,12,12,12,12,12
ICICIGI,ICICI Lombard General Insurance Company Ltd,,PRO_08,pro,False,0.0,False,FCF unavailable,389.25,28.47,0.07,160.91,,20487.0,1919.0,2577.0,39.0,,63308.0,35.0,-48549.0,18044.0,15.79,17.79,16.69,12,12,12,12,12
ICICIGI,ICICI Lombard General Insurance Company Ltd,,PRO_09,pro,True,62.54,True,EPS CAGR 5yr = 16.7%,389.25,28.47,0.07,160.91,,20487.0,1919.0,2577.0,39.0,,63308.0,35.0,-48549.0,18044.0,15.79,17.79,16.69,12,12,12,12,12
ICICIGI,ICICI Lombard General Insurance Company Ltd,,PRO_10,pro,False,0.0,False,ROE not improving for 3 consecutive years,389.25,28.47,0.07,160.91,,20487.0,1919.0,2577.0,39.0,,63308.0,35.0,-48549.0,18044.0,15.79,17.79,16.69,12,12,12,12,12
ICICIGI,ICICI Lombard General Insurance Company Ltd,,PRO_11,pro,False,0.0,False,Revenue CAGR (15.8%) <= PAT CAGR (17.8%),389.25,28.47,0.07,160.91,,20487.0,1919.0,2577.0,39.0,,63308.0,35.0,-48549.0,18044.0,15.79,17.79,16.69,12,12,12,12,12
ICICIGI,ICICI Lombard General Insurance Company Ltd,,PRO_12,pro,False,0.0,False,borrowings not declining,389.25,28.47,0.07,160.91,,20487.0,1919.0,2577.0,39.0,,63308.0,35.0,-48549.0,18044.0,15.79,17.79,16.69,12,12,12,12,12
ICICIGI,ICICI Lombard General Insurance Company Ltd,,CON_01,con,False,0.0,False,Company is in a financial sector.,389.25,28.47,0.07,160.91,,20487.0,1919.0,2577.0,39.0,,63308.0,35.0,-48549.0,18044.0,15.79,17.79,16.69,12,12,12,12,12
ICICIGI,ICICI Lombard General Insurance Company Ltd,,CON_02,con,False,0.0,False,No 3-year consecutive negative FCF streak.,389.25,28.47,0.07,160.91,,20487.0,1919.0,2577.0,39.0,,63308.0,35.0,-48549.0,18044.0,15.79,17.79,16.69,12,12,12,12,12
ICICIGI,ICICI Lombard General Insurance Company Ltd,,CON_03,con,False,0.0,False,No 3-year consecutive OPM decline.,389.25,28.47,0.07,160.91,,20487.0,1919.0,2577.0,39.0,,63308.0,35.0,-48549.0,18044.0,15.79,17.79,16.69,12,12,12,12,12
ICICIGI,ICICI Lombard General Insurance Company Ltd,,CON_04,con,False,0.0,False,"Latest Net Profit = 1,919 (>= 0)",389.25,28.47,0.07,160.91,,20487.0,1919.0,2577.0,39.0,,63308.0,35.0,-48549.0,18044.0,15.79,17.79,16.69,12,12,12,12,12
ICICIGI,ICICI Lombard General Insurance Company Ltd,,CON_05,con,False,0.0,False,No 2-year consecutive revenue decline.,389.25,28.47,0.07,160.91,,20487.0,1919.0,2577.0,39.0,,63308.0,35.0,-48549.0,18044.0,15.79,17.79,16.69,12,12,12,12,12
ICICIGI,ICICI Lombard General Insurance Company Ltd,,CON_06,con,False,0.0,False,ICR = 160.91 (>= 1.5),389.25,28.47,0.07,160.91,,20487.0,1919.0,2577.0,39.0,,63308.0,35.0,-48549.0,18044.0,15.79,17.79,16.69,12,12,12,12,12
ICICIGI,ICICI Lombard General Insurance Company Ltd,,CON_07,con,False,0.0,False,Dividend Payout = 28.0% (<= 100%),389.25,28.47,0.07,160.91,,20487.0,1919.0,2577.0,39.0,,63308.0,35.0,-48549.0,18044.0,15.79,17.79,16.69,12,12,12,12,12
ICICIGI,ICICI Lombard General Insurance Company Ltd,,CON_08,con,False,0.0,False,No 3-year consecutive D/E rise.,389.25,28.47,0.07,160.91,,20487.0,1919.0,2577.0,39.0,,63308.0,35.0,-48549.0,18044.0,15.79,17.79,16.69,12,12,12,12,12
ICICIGI,ICICI Lombard General Insurance Company Ltd,,CON_09,con,False,0.0,False,No 3-year consecutive EPS decline.,389.25,28.47,0.07,160.91,,20487.0,1919.0,2577.0,39.0,,63308.0,35.0,-48549.0,18044.0,15.79,17.79,16.69,12,12,12,12,12
ICICIGI,ICICI Lombard General Insurance Company Ltd,,CON_10,con,False,0.0,False,ROCE = 28.5% (>= 10%),389.25,28.47,0.07,160.91,,20487.0,1919.0,2577.0,39.0,,63308.0,35.0,-48549.0,18044.0,15.79,17.79,16.69,12,12,12,12,12
ICICIGI,ICICI Lombard General Insurance Company Ltd,,CON_11,con,False,0.0,False,Net Debt/EBITDA = -2.69x (<= 3x),389.25,28.47,0.07,160.91,,20487.0,1919.0,2577.0,39.0,,63308.0,35.0,-48549.0,18044.0,15.79,17.79,16.69,12,12,12,12,12
ICICIGI,ICICI Lombard General Insurance Company Ltd,,CON_12,con,False,0.0,False,Revenue CAGR 5yr = 15.8% (>= 5%),389.25,28.47,0.07,160.91,,20487.0,1919.0,2577.0,39.0,,63308.0,35.0,-48549.0,18044.0,15.79,17.79,16.69,12,12,12,12,12
ICICIPRULI,ICICI Prudential Life Insurance Company Ltd,,PRO_01,pro,True,95.0,True,ROE > 20% for 12 consecutive years; avg ROE=88.6%,59.06,31.81,0.83,32.02,,90307.0,851.0,-1829.0,6.0,,299001.0,1200.0,-288528.0,92249.0,11.95,-3.61,-3.7,12,12,12,12,12
ICICIPRULI,ICICI Prudential Life Insurance Company Ltd,,PRO_02,pro,False,0.0,False,No FCF history available,59.06,31.81,0.83,32.02,,90307.0,851.0,-1829.0,6.0,,299001.0,1200.0,-288528.0,92249.0,11.95,-3.61,-3.7,12,12,12,12,12
ICICIPRULI,ICICI Prudential Life Insurance Company Ltd,,PRO_03,pro,False,0.0,False,D/E = 0.8300 (not debt-free),59.06,31.81,0.83,32.02,,90307.0,851.0,-1829.0,6.0,,299001.0,1200.0,-288528.0,92249.0,11.95,-3.61,-3.7,12,12,12,12,12
ICICIPRULI,ICICI Prudential Life Insurance Company Ltd,,PRO_04,pro,False,0.0,False,Revenue CAGR 5yr = 11.9% (<= 15%),59.06,31.81,0.83,32.02,,90307.0,851.0,-1829.0,6.0,,299001.0,1200.0,-288528.0,92249.0,11.95,-3.61,-3.7,12,12,12,12,12
ICICIPRULI,ICICI Prudential Life Insurance Company Ltd,,PRO_05,pro,False,0.0,False,OPM = -1829.0% (<= 25%),59.06,31.81,0.83,32.02,,90307.0,851.0,-1829.0,6.0,,299001.0,1200.0,-288528.0,92249.0,11.95,-3.61,-3.7,12,12,12,12,12
ICICIPRULI,ICICI Prudential Life Insurance Company Ltd,,PRO_06,pro,False,0.0,False,PAT CAGR 5yr = -3.6% (<= 20%),59.06,31.81,0.83,32.02,,90307.0,851.0,-1829.0,6.0,,299001.0,1200.0,-288528.0,92249.0,11.95,-3.61,-3.7,12,12,12,12,12
ICICIPRULI,ICICI Prudential Life Insurance Company Ltd,,PRO_07,pro,True,86.42,True,ICR = 32.0 (> 10),59.06,31.81,0.83,32.02,,90307.0,851.0,-1829.0,6.0,,299001.0,1200.0,-288528.0,92249.0,11.95,-3.61,-3.7,12,12,12,12,12
ICICIPRULI,ICICI Prudential Life Insurance Company Ltd,,PRO_08,pro,False,0.0,False,dividend yield = 0.1% (<= 2%); FCF unavailable,59.06,31.81,0.83,32.02,,90307.0,851.0,-1829.0,6.0,,299001.0,1200.0,-288528.0,92249.0,11.95,-3.61,-3.7,12,12,12,12,12
ICICIPRULI,ICICI Prudential Life Insurance Company Ltd,,PRO_09,pro,False,0.0,False,EPS CAGR 5yr = -3.7% (<= 15%),59.06,31.81,0.83,32.02,,90307.0,851.0,-1829.0,6.0,,299001.0,1200.0,-288528.0,92249.0,11.95,-3.61,-3.7,12,12,12,12,12
ICICIPRULI,ICICI Prudential Life Insurance Company Ltd,,PRO_10,pro,False,0.0,False,ROE not improving for 3 consecutive years,59.06,31.81,0.83,32.02,,90307.0,851.0,-1829.0,6.0,,299001.0,1200.0,-288528.0,92249.0,11.95,-3.61,-3.7,12,12,12,12,12
ICICIPRULI,ICICI Prudential Life Insurance Company Ltd,,PRO_11,pro,True,95.0,True,Revenue CAGR (11.9%) > PAT CAGR (-3.6%). SPEC CONTRADICTION: 'Revenue growing slower than profits' (text) conflicts with condition Revenue CAGR > PAT CAGR.,59.06,31.81,0.83,32.02,,90307.0,851.0,-1829.0,6.0,,299001.0,1200.0,-288528.0,92249.0,11.95,-3.61,-3.7,12,12,12,12,12
ICICIPRULI,ICICI Prudential Life Insurance Company Ltd,,PRO_12,pro,False,0.0,False,borrowings not declining,59.06,31.81,0.83,32.02,,90307.0,851.0,-1829.0,6.0,,299001.0,1200.0,-288528.0,92249.0,11.95,-3.61,-3.7,12,12,12,12,12
ICICIPRULI,ICICI Prudential Life Insurance Company Ltd,,CON_01,con,False,0.0,False,Company is in a financial sector.,59.06,31.81,0.83,32.02,,90307.0,851.0,-1829.0,6.0,,299001.0,1200.0,-288528.0,92249.0,11.95,-3.61,-3.7,12,12,12,12,12
ICICIPRULI,ICICI Prudential Life Insurance Company Ltd,,CON_02,con,False,0.0,False,No 3-year consecutive negative FCF streak.,59.06,31.81,0.83,32.02,,90307.0,851.0,-1829.0,6.0,,299001.0,1200.0,-288528.0,92249.0,11.95,-3.61,-3.7,12,12,12,12,12
ICICIPRULI,ICICI Prudential Life Insurance Company Ltd,,CON_03,con,False,0.0,False,No 3-year consecutive OPM decline.,59.06,31.81,0.83,32.02,,90307.0,851.0,-1829.0,6.0,,299001.0,1200.0,-288528.0,92249.0,11.95,-3.61,-3.7,12,12,12,12,12
ICICIPRULI,ICICI Prudential Life Insurance Company Ltd,,CON_04,con,False,0.0,False,Latest Net Profit = 851 (>= 0),59.06,31.81,0.83,32.02,,90307.0,851.0,-1829.0,6.0,,299001.0,1200.0,-288528.0,92249.0,11.95,-3.61,-3.7,12,12,12,12,12
ICICIPRULI,ICICI Prudential Life Insurance Company Ltd,,CON_05,con,False,0.0,False,No 2-year consecutive revenue decline.,59.06,31.81,0.83,32.02,,90307.0,851.0,-1829.0,6.0,,299001.0,1200.0,-288528.0,92249.0,11.95,-3.61,-3.7,12,12,12,12,12
ICICIPRULI,ICICI Prudential Life Insurance Company Ltd,,CON_06,con,False,0.0,False,ICR = 32.02 (>= 1.5),59.06,31.81,0.83,32.02,,90307.0,851.0,-1829.0,6.0,,299001.0,1200.0,-288528.0,92249.0,11.95,-3.61,-3.7,12,12,12,12,12
ICICIPRULI,ICICI Prudential Life Insurance Company Ltd,,CON_07,con,False,0.0,False,Dividend Payout = 10.0% (<= 100%),59.06,31.81,0.83,32.02,,90307.0,851.0,-1829.0,6.0,,299001.0,1200.0,-288528.0,92249.0,11.95,-3.61,-3.7,12,12,12,12,12
ICICIPRULI,ICICI Prudential Life Insurance Company Ltd,,CON_08,con,False,0.0,False,No 3-year consecutive D/E rise.,59.06,31.81,0.83,32.02,,90307.0,851.0,-1829.0,6.0,,299001.0,1200.0,-288528.0,92249.0,11.95,-3.61,-3.7,12,12,12,12,12
ICICIPRULI,ICICI Prudential Life Insurance Company Ltd,,CON_09,con,False,0.0,False,No 3-year consecutive EPS decline.,59.06,31.81,0.83,32.02,,90307.0,851.0,-1829.0,6.0,,299001.0,1200.0,-288528.0,92249.0,11.95,-3.61,-3.7,12,12,12,12,12
ICICIPRULI,ICICI Prudential Life Insurance Company Ltd,,CON_10,con,False,0.0,False,ROCE = 31.8% (>= 10%),59.06,31.81,0.83,32.02,,90307.0,851.0,-1829.0,6.0,,299001.0,1200.0,-288528.0,92249.0,11.95,-3.61,-3.7,12,12,12,12,12
ICICIPRULI,ICICI Prudential Life Insurance Company Ltd,,CON_11,con,False,0.0,False,Net Debt/EBITDA = -3.13x (<= 3x),59.06,31.81,0.83,32.02,,90307.0,851.0,-1829.0,6.0,,299001.0,1200.0,-288528.0,92249.0,11.95,-3.61,-3.7,12,12,12,12,12
ICICIPRULI,ICICI Prudential Life Insurance Company Ltd,,CON_12,con,False,0.0,False,Revenue CAGR 5yr = 11.9% (>= 5%),59.06,31.81,0.83,32.02,,90307.0,851.0,-1829.0,6.0,,299001.0,1200.0,-288528.0,92249.0,11.95,-3.61,-3.7,12,12,12,12,12
INDIGO,Interglobe Aviation Ltd,,PRO_01,pro,True,91.0,True,ROE > 20% for 7 consecutive years; avg ROE=164534.2%,17014.58,4492.55,0.35,23.6,,68904.0,8167.0,16331.0,212.0,,1222.0,17.0,-171.0,58979.0,19.3,18.57,-34.6,12,12,12,12,12
INDIGO,Interglobe Aviation Ltd,,PRO_02,pro,False,0.0,False,No FCF history available,17014.58,4492.55,0.35,23.6,,68904.0,8167.0,16331.0,212.0,,1222.0,17.0,-171.0,58979.0,19.3,18.57,-34.6,12,12,12,12,12
INDIGO,Interglobe Aviation Ltd,,PRO_03,pro,False,0.0,False,D/E = 0.3500 (not debt-free),17014.58,4492.55,0.35,23.6,,68904.0,8167.0,16331.0,212.0,,1222.0,17.0,-171.0,58979.0,19.3,18.57,-34.6,12,12,12,12,12
INDIGO,Interglobe Aviation Ltd,,PRO_04,pro,True,66.45,True,Revenue CAGR 5yr = 19.3%,17014.58,4492.55,0.35,23.6,,68904.0,8167.0,16331.0,212.0,,1222.0,17.0,-171.0,58979.0,19.3,18.57,-34.6,12,12,12,12,12
INDIGO,Interglobe Aviation Ltd,,PRO_05,pro,True,95.0,True,OPM = 16331.0%,17014.58,4492.55,0.35,23.6,,68904.0,8167.0,16331.0,212.0,,1222.0,17.0,-171.0,58979.0,19.3,18.57,-34.6,12,12,12,12,12
INDIGO,Interglobe Aviation Ltd,,PRO_06,pro,False,0.0,False,PAT CAGR 5yr = 18.6% (<= 20%),17014.58,4492.55,0.35,23.6,,68904.0,8167.0,16331.0,212.0,,1222.0,17.0,-171.0,58979.0,19.3,18.57,-34.6,12,12,12,12,12
INDIGO,Interglobe Aviation Ltd,,PRO_07,pro,True,76.32,True,ICR = 23.6 (> 10),17014.58,4492.55,0.35,23.6,,68904.0,8167.0,16331.0,212.0,,1222.0,17.0,-171.0,58979.0,19.3,18.57,-34.6,12,12,12,12,12
INDIGO,Interglobe Aviation Ltd,,PRO_08,pro,False,0.0,False,FCF unavailable,17014.58,4492.55,0.35,23.6,,68904.0,8167.0,16331.0,212.0,,1222.0,17.0,-171.0,58979.0,19.3,18.57,-34.6,12,12,12,12,12
INDIGO,Interglobe Aviation Ltd,,PRO_09,pro,False,0.0,False,EPS CAGR 5yr = -34.6% (<= 15%),17014.58,4492.55,0.35,23.6,,68904.0,8167.0,16331.0,212.0,,1222.0,17.0,-171.0,58979.0,19.3,18.57,-34.6,12,12,12,12,12
INDIGO,Interglobe Aviation Ltd,,PRO_10,pro,False,0.0,False,ROE not improving for 3 consecutive years,17014.58,4492.55,0.35,23.6,,68904.0,8167.0,16331.0,212.0,,1222.0,17.0,-171.0,58979.0,19.3,18.57,-34.6,12,12,12,12,12
INDIGO,Interglobe Aviation Ltd,,PRO_11,pro,True,62.19,True,Revenue CAGR (19.3%) > PAT CAGR (18.6%). SPEC CONTRADICTION: 'Revenue growing slower than profits' (text) conflicts with condition Revenue CAGR > PAT CAGR.,17014.58,4492.55,0.35,23.6,,68904.0,8167.0,16331.0,212.0,,1222.0,17.0,-171.0,58979.0,19.3,18.57,-34.6,12,12,12,12,12
INDIGO,Interglobe Aviation Ltd,,PRO_12,pro,False,0.0,False,borrowings not declining,17014.58,4492.55,0.35,23.6,,68904.0,8167.0,16331.0,212.0,,1222.0,17.0,-171.0,58979.0,19.3,18.57,-34.6,12,12,12,12,12
INDIGO,Interglobe Aviation Ltd,,CON_01,con,False,0.0,False,D/E = 0.35 (<= 2.0),17014.58,4492.55,0.35,23.6,,68904.0,8167.0,16331.0,212.0,,1222.0,17.0,-171.0,58979.0,19.3,18.57,-34.6,12,12,12,12,12
INDIGO,Interglobe Aviation Ltd,,CON_02,con,False,0.0,False,No 3-year consecutive negative FCF streak.,17014.58,4492.55,0.35,23.6,,68904.0,8167.0,16331.0,212.0,,1222.0,17.0,-171.0,58979.0,19.3,18.57,-34.6,12,12,12,12,12
INDIGO,Interglobe Aviation Ltd,,CON_03,con,False,0.0,False,No 3-year consecutive OPM decline.,17014.58,4492.55,0.35,23.6,,68904.0,8167.0,16331.0,212.0,,1222.0,17.0,-171.0,58979.0,19.3,18.57,-34.6,12,12,12,12,12
INDIGO,Interglobe Aviation Ltd,,CON_04,con,False,0.0,False,"Latest Net Profit = 8,167 (>= 0)",17014.58,4492.55,0.35,23.6,,68904.0,8167.0,16331.0,212.0,,1222.0,17.0,-171.0,58979.0,19.3,18.57,-34.6,12,12,12,12,12
INDIGO,Interglobe Aviation Ltd,,CON_05,con,False,0.0,False,No 2-year consecutive revenue decline.,17014.58,4492.55,0.35,23.6,,68904.0,8167.0,16331.0,212.0,,1222.0,17.0,-171.0,58979.0,19.3,18.57,-34.6,12,12,12,12,12
INDIGO,Interglobe Aviation Ltd,,CON_06,con,False,0.0,False,ICR = 23.60 (>= 1.5),17014.58,4492.55,0.35,23.6,,68904.0,8167.0,16331.0,212.0,,1222.0,17.0,-171.0,58979.0,19.3,18.57,-34.6,12,12,12,12,12
INDIGO,Interglobe Aviation Ltd,,CON_07,con,False,0.0,False,Dividend Payout = 0.0% (<= 100%),17014.58,4492.55,0.35,23.6,,68904.0,8167.0,16331.0,212.0,,1222.0,17.0,-171.0,58979.0,19.3,18.57,-34.6,12,12,12,12,12
INDIGO,Interglobe Aviation Ltd,,CON_08,con,False,0.0,False,No 3-year consecutive D/E rise.,17014.58,4492.55,0.35,23.6,,68904.0,8167.0,16331.0,212.0,,1222.0,17.0,-171.0,58979.0,19.3,18.57,-34.6,12,12,12,12,12
INDIGO,Interglobe Aviation Ltd,,CON_09,con,False,0.0,False,No 3-year consecutive EPS decline.,17014.58,4492.55,0.35,23.6,,68904.0,8167.0,16331.0,212.0,,1222.0,17.0,-171.0,58979.0,19.3,18.57,-34.6,12,12,12,12,12
INDIGO,Interglobe Aviation Ltd,,CON_10,con,False,0.0,False,ROCE = 4492.6% (>= 10%),17014.58,4492.55,0.35,23.6,,68904.0,8167.0,16331.0,212.0,,1222.0,17.0,-171.0,58979.0,19.3,18.57,-34.6,12,12,12,12,12
INDIGO,Interglobe Aviation Ltd,,CON_11,con,False,0.0,False,Net Debt/EBITDA = -0.00x (<= 3x),17014.58,4492.55,0.35,23.6,,68904.0,8167.0,16331.0,212.0,,1222.0,17.0,-171.0,58979.0,19.3,18.57,-34.6,12,12,12,12,12
INDIGO,Interglobe Aviation Ltd,,CON_12,con,False,0.0,False,Revenue CAGR 5yr = 19.3% (>= 5%),17014.58,4492.55,0.35,23.6,,68904.0,8167.0,16331.0,212.0,,1222.0,17.0,-171.0,58979.0,19.3,18.57,-34.6,12,12,12,12,12
IRCTC,Indian Railway Catering & Tourism Corporation Ltd,,PRO_01,pro,True,95.0,True,ROE > 20% for 10 consecutive years; avg ROE=509.1%,694.38,24.38,0.38,78.16,,4270.0,1111.0,34.0,14.0,,6091.0,60.0,60.0,1523.0,15.45,24.79,1.44,10,10,10,10,10
IRCTC,Indian Railway Catering & Tourism Corporation Ltd,,PRO_02,pro,False,0.0,False,No FCF history available,694.38,24.38,0.38,78.16,,4270.0,1111.0,34.0,14.0,,6091.0,60.0,60.0,1523.0,15.45,24.79,1.44,10,10,10,10,10
IRCTC,Indian Railway Catering & Tourism Corporation Ltd,,PRO_03,pro,False,0.0,False,D/E = 0.3800 (not debt-free),694.38,24.38,0.38,78.16,,4270.0,1111.0,34.0,14.0,,6091.0,60.0,60.0,1523.0,15.45,24.79,1.44,10,10,10,10,10
IRCTC,Indian Railway Catering & Tourism Corporation Ltd,,PRO_04,pro,True,60.67,True,Revenue CAGR 5yr = 15.4%,694.38,24.38,0.38,78.16,,4270.0,1111.0,34.0,14.0,,6091.0,60.0,60.0,1523.0,15.45,24.79,1.44,10,10,10,10,10
IRCTC,Indian Railway Catering & Tourism Corporation Ltd,,PRO_05,pro,True,70.8,True,OPM = 34.0%,694.38,24.38,0.38,78.16,,4270.0,1111.0,34.0,14.0,,6091.0,60.0,60.0,1523.0,15.45,24.79,1.44,10,10,10,10,10
IRCTC,Indian Railway Catering & Tourism Corporation Ltd,,PRO_06,pro,True,67.19,True,PAT CAGR 5yr = 24.8%,694.38,24.38,0.38,78.16,,4270.0,1111.0,34.0,14.0,,6091.0,60.0,60.0,1523.0,15.45,24.79,1.44,10,10,10,10,10
IRCTC,Indian Railway Catering & Tourism Corporation Ltd,,PRO_07,pro,True,95.0,True,ICR = 78.2 (> 10),694.38,24.38,0.38,78.16,,4270.0,1111.0,34.0,14.0,,6091.0,60.0,60.0,1523.0,15.45,24.79,1.44,10,10,10,10,10
IRCTC,Indian Railway Catering & Tourism Corporation Ltd,,PRO_08,pro,False,0.0,False,dividend yield = 1.4% (<= 2%); FCF unavailable,694.38,24.38,0.38,78.16,,4270.0,1111.0,34.0,14.0,,6091.0,60.0,60.0,1523.0,15.45,24.79,1.44,10,10,10,10,10
IRCTC,Indian Railway Catering & Tourism Corporation Ltd,,PRO_09,pro,False,0.0,False,EPS CAGR 5yr = 1.4% (<= 15%),694.38,24.38,0.38,78.16,,4270.0,1111.0,34.0,14.0,,6091.0,60.0,60.0,1523.0,15.45,24.79,1.44,10,10,10,10,10
IRCTC,Indian Railway Catering & Tourism Corporation Ltd,,PRO_10,pro,True,95.0,True,ROE improved from 116.9% to 694.4% over 3 consecutive YoY steps,694.38,24.38,0.38,78.16,,4270.0,1111.0,34.0,14.0,,6091.0,60.0,60.0,1523.0,15.45,24.79,1.44,10,10,10,10,10
IRCTC,Indian Railway Catering & Tourism Corporation Ltd,,PRO_11,pro,False,0.0,False,Revenue CAGR (15.4%) <= PAT CAGR (24.8%),694.38,24.38,0.38,78.16,,4270.0,1111.0,34.0,14.0,,6091.0,60.0,60.0,1523.0,15.45,24.79,1.44,10,10,10,10,10
IRCTC,Indian Railway Catering & Tourism Corporation Ltd,,PRO_12,pro,True,95.0,True,Assets growing (+56.8%) and borrowings declining (-42.9%),694.38,24.38,0.38,78.16,,4270.0,1111.0,34.0,14.0,,6091.0,60.0,60.0,1523.0,15.45,24.79,1.44,10,10,10,10,10
IRCTC,Indian Railway Catering & Tourism Corporation Ltd,,CON_01,con,False,0.0,False,D/E = 0.38 (<= 2.0),694.38,24.38,0.38,78.16,,4270.0,1111.0,34.0,14.0,,6091.0,60.0,60.0,1523.0,15.45,24.79,1.44,10,10,10,10,10
IRCTC,Indian Railway Catering & Tourism Corporation Ltd,,CON_02,con,False,0.0,False,No 3-year consecutive negative FCF streak.,694.38,24.38,0.38,78.16,,4270.0,1111.0,34.0,14.0,,6091.0,60.0,60.0,1523.0,15.45,24.79,1.44,10,10,10,10,10
IRCTC,Indian Railway Catering & Tourism Corporation Ltd,,CON_03,con,False,0.0,False,No 3-year consecutive OPM decline.,694.38,24.38,0.38,78.16,,4270.0,1111.0,34.0,14.0,,6091.0,60.0,60.0,1523.0,15.45,24.79,1.44,10,10,10,10,10
IRCTC,Indian Railway Catering & Tourism Corporation Ltd,,CON_04,con,False,0.0,False,"Latest Net Profit = 1,111 (>= 0)",694.38,24.38,0.38,78.16,,4270.0,1111.0,34.0,14.0,,6091.0,60.0,60.0,1523.0,15.45,24.79,1.44,10,10,10,10,10
IRCTC,Indian Railway Catering & Tourism Corporation Ltd,,CON_05,con,False,0.0,False,No 2-year consecutive revenue decline.,694.38,24.38,0.38,78.16,,4270.0,1111.0,34.0,14.0,,6091.0,60.0,60.0,1523.0,15.45,24.79,1.44,10,10,10,10,10
IRCTC,Indian Railway Catering & Tourism Corporation Ltd,,CON_06,con,False,0.0,False,ICR = 78.16 (>= 1.5),694.38,24.38,0.38,78.16,,4270.0,1111.0,34.0,14.0,,6091.0,60.0,60.0,1523.0,15.45,24.79,1.44,10,10,10,10,10
IRCTC,Indian Railway Catering & Tourism Corporation Ltd,,CON_07,con,False,0.0,False,Dividend Payout = 47.0% (<= 100%),694.38,24.38,0.38,78.16,,4270.0,1111.0,34.0,14.0,,6091.0,60.0,60.0,1523.0,15.45,24.79,1.44,10,10,10,10,10
IRCTC,Indian Railway Catering & Tourism Corporation Ltd,,CON_08,con,False,0.0,False,No 3-year consecutive D/E rise.,694.38,24.38,0.38,78.16,,4270.0,1111.0,34.0,14.0,,6091.0,60.0,60.0,1523.0,15.45,24.79,1.44,10,10,10,10,10
IRCTC,Indian Railway Catering & Tourism Corporation Ltd,,CON_09,con,False,0.0,False,No 3-year consecutive EPS decline.,694.38,24.38,0.38,78.16,,4270.0,1111.0,34.0,14.0,,6091.0,60.0,60.0,1523.0,15.45,24.79,1.44,10,10,10,10,10
IRCTC,Indian Railway Catering & Tourism Corporation Ltd,,CON_10,con,False,0.0,False,ROCE = 24.4% (>= 10%),694.38,24.38,0.38,78.16,,4270.0,1111.0,34.0,14.0,,6091.0,60.0,60.0,1523.0,15.45,24.79,1.44,10,10,10,10,10
IRCTC,Indian Railway Catering & Tourism Corporation Ltd,,CON_11,con,False,0.0,False,Net Debt/EBITDA = 0.04x (<= 3x),694.38,24.38,0.38,78.16,,4270.0,1111.0,34.0,14.0,,6091.0,60.0,60.0,1523.0,15.45,24.79,1.44,10,10,10,10,10
IRCTC,Indian Railway Catering & Tourism Corporation Ltd,,CON_12,con,False,0.0,False,Revenue CAGR 5yr = 15.4% (>= 5%),694.38,24.38,0.38,78.16,,4270.0,1111.0,34.0,14.0,,6091.0,60.0,60.0,1523.0,15.45,24.79,1.44,10,10,10,10,10
ITC,ITC Ltd,,PRO_01,pro,True,95.0,True,ROE > 20% for 12 consecutive years; avg ROE=1183.5%,1662.74,28.68,0.24,328.91,,70866.0,20751.0,37.0,16.0,,91754.0,303.0,-30811.0,28049.0,7.48,8.64,8.52,12,12,12,12,12
ITC,ITC Ltd,,PRO_02,pro,False,0.0,False,No FCF history available,1662.74,28.68,0.24,328.91,,70866.0,20751.0,37.0,16.0,,91754.0,303.0,-30811.0,28049.0,7.48,8.64,8.52,12,12,12,12,12
ITC,ITC Ltd,,PRO_03,pro,False,0.0,False,D/E = 0.2400 (not debt-free),1662.74,28.68,0.24,328.91,,70866.0,20751.0,37.0,16.0,,91754.0,303.0,-30811.0,28049.0,7.48,8.64,8.52,12,12,12,12,12
ITC,ITC Ltd,,PRO_04,pro,False,0.0,False,Revenue CAGR 5yr = 7.5% (<= 15%),1662.74,28.68,0.24,328.91,,70866.0,20751.0,37.0,16.0,,91754.0,303.0,-30811.0,28049.0,7.48,8.64,8.52,12,12,12,12,12
ITC,ITC Ltd,,PRO_05,pro,True,74.4,True,OPM = 37.0%,1662.74,28.68,0.24,328.91,,70866.0,20751.0,37.0,16.0,,91754.0,303.0,-30811.0,28049.0,7.48,8.64,8.52,12,12,12,12,12
ITC,ITC Ltd,,PRO_06,pro,False,0.0,False,PAT CAGR 5yr = 8.6% (<= 20%),1662.74,28.68,0.24,328.91,,70866.0,20751.0,37.0,16.0,,91754.0,303.0,-30811.0,28049.0,7.48,8.64,8.52,12,12,12,12,12
ITC,ITC Ltd,,PRO_07,pro,True,95.0,True,ICR = 328.9 (> 10),1662.74,28.68,0.24,328.91,,70866.0,20751.0,37.0,16.0,,91754.0,303.0,-30811.0,28049.0,7.48,8.64,8.52,12,12,12,12,12
ITC,ITC Ltd,,PRO_08,pro,False,0.0,False,FCF unavailable,1662.74,28.68,0.24,328.91,,70866.0,20751.0,37.0,16.0,,91754.0,303.0,-30811.0,28049.0,7.48,8.64,8.52,12,12,12,12,12
ITC,ITC Ltd,,PRO_09,pro,False,0.0,False,EPS CAGR 5yr = 8.5% (<= 15%),1662.74,28.68,0.24,328.91,,70866.0,20751.0,37.0,16.0,,91754.0,303.0,-30811.0,28049.0,7.48,8.64,8.52,12,12,12,12,12
ITC,ITC Ltd,,PRO_10,pro,True,95.0,True,ROE improved from 1087.2% to 1662.7% over 3 consecutive YoY steps,1662.74,28.68,0.24,328.91,,70866.0,20751.0,37.0,16.0,,91754.0,303.0,-30811.0,28049.0,7.48,8.64,8.52,12,12,12,12,12
ITC,ITC Ltd,,PRO_11,pro,False,0.0,False,Revenue CAGR (7.5%) <= PAT CAGR (8.6%),1662.74,28.68,0.24,328.91,,70866.0,20751.0,37.0,16.0,,91754.0,303.0,-30811.0,28049.0,7.48,8.64,8.52,12,12,12,12,12
ITC,ITC Ltd,,PRO_12,pro,False,0.0,False,borrowings not declining,1662.74,28.68,0.24,328.91,,70866.0,20751.0,37.0,16.0,,91754.0,303.0,-30811.0,28049.0,7.48,8.64,8.52,12,12,12,12,12
ITC,ITC Ltd,,CON_01,con,False,0.0,False,D/E = 0.24 (<= 2.0),1662.74,28.68,0.24,328.91,,70866.0,20751.0,37.0,16.0,,91754.0,303.0,-30811.0,28049.0,7.48,8.64,8.52,12,12,12,12,12
ITC,ITC Ltd,,CON_02,con,False,0.0,False,No 3-year consecutive negative FCF streak.,1662.74,28.68,0.24,328.91,,70866.0,20751.0,37.0,16.0,,91754.0,303.0,-30811.0,28049.0,7.48,8.64,8.52,12,12,12,12,12
ITC,ITC Ltd,,CON_03,con,False,0.0,False,No 3-year consecutive OPM decline.,1662.74,28.68,0.24,328.91,,70866.0,20751.0,37.0,16.0,,91754.0,303.0,-30811.0,28049.0,7.48,8.64,8.52,12,12,12,12,12
ITC,ITC Ltd,,CON_04,con,False,0.0,False,"Latest Net Profit = 20,751 (>= 0)",1662.74,28.68,0.24,328.91,,70866.0,20751.0,37.0,16.0,,91754.0,303.0,-30811.0,28049.0,7.48,8.64,8.52,12,12,12,12,12
ITC,ITC Ltd,,CON_05,con,False,0.0,False,No 2-year consecutive revenue decline.,1662.74,28.68,0.24,328.91,,70866.0,20751.0,37.0,16.0,,91754.0,303.0,-30811.0,28049.0,7.48,8.64,8.52,12,12,12,12,12
ITC,ITC Ltd,,CON_06,con,False,0.0,False,ICR = 328.91 (>= 1.5),1662.74,28.68,0.24,328.91,,70866.0,20751.0,37.0,16.0,,91754.0,303.0,-30811.0,28049.0,7.48,8.64,8.52,12,12,12,12,12
ITC,ITC Ltd,,CON_07,con,False,0.0,False,Dividend Payout = 84.0% (<= 100%),1662.74,28.68,0.24,328.91,,70866.0,20751.0,37.0,16.0,,91754.0,303.0,-30811.0,28049.0,7.48,8.64,8.52,12,12,12,12,12
ITC,ITC Ltd,,CON_08,con,False,0.0,False,No 3-year consecutive D/E rise.,1662.74,28.68,0.24,328.91,,70866.0,20751.0,37.0,16.0,,91754.0,303.0,-30811.0,28049.0,7.48,8.64,8.52,12,12,12,12,12
ITC,ITC Ltd,,CON_09,con,False,0.0,False,No 3-year consecutive EPS decline.,1662.74,28.68,0.24,328.91,,70866.0,20751.0,37.0,16.0,,91754.0,303.0,-30811.0,28049.0,7.48,8.64,8.52,12,12,12,12,12
ITC,ITC Ltd,,CON_10,con,False,0.0,False,ROCE = 28.7% (>= 10%),1662.74,28.68,0.24,328.91,,70866.0,20751.0,37.0,16.0,,91754.0,303.0,-30811.0,28049.0,7.48,8.64,8.52,12,12,12,12,12
ITC,ITC Ltd,,CON_11,con,False,0.0,False,Net Debt/EBITDA = -1.10x (<= 3x),1662.74,28.68,0.24,328.91,,70866.0,20751.0,37.0,16.0,,91754.0,303.0,-30811.0,28049.0,7.48,8.64,8.52,12,12,12,12,12
ITC,ITC Ltd,,CON_12,con,False,0.0,False,Revenue CAGR 5yr = 7.5% (>= 5%),1662.74,28.68,0.24,328.91,,70866.0,20751.0,37.0,16.0,,91754.0,303.0,-30811.0,28049.0,7.48,8.64,8.52,12,12,12,12,12
MARUTI,Maruti Suzuki India Ltd,,PRO_01,pro,True,95.0,True,ROE > 20% for 12 consecutive years; avg ROE=4003.4%,8591.08,16.32,0.76,97.01,,141858.0,13488.0,13.0,429.0,,115304.0,119.0,-57177.0,23882.0,10.4,15.57,15.16,12,12,12,12,12
MARUTI,Maruti Suzuki India Ltd,,PRO_02,pro,False,0.0,False,No FCF history available,8591.08,16.32,0.76,97.01,,141858.0,13488.0,13.0,429.0,,115304.0,119.0,-57177.0,23882.0,10.4,15.57,15.16,12,12,12,12,12
MARUTI,Maruti Suzuki India Ltd,,PRO_03,pro,False,0.0,False,D/E = 0.7600 (not debt-free),8591.08,16.32,0.76,97.01,,141858.0,13488.0,13.0,429.0,,115304.0,119.0,-57177.0,23882.0,10.4,15.57,15.16,12,12,12,12,12
MARUTI,Maruti Suzuki India Ltd,,PRO_04,pro,False,0.0,False,Revenue CAGR 5yr = 10.4% (<= 15%),8591.08,16.32,0.76,97.01,,141858.0,13488.0,13.0,429.0,,115304.0,119.0,-57177.0,23882.0,10.4,15.57,15.16,12,12,12,12,12
MARUTI,Maruti Suzuki India Ltd,,PRO_05,pro,False,0.0,False,OPM = 13.0% (<= 25%),8591.08,16.32,0.76,97.01,,141858.0,13488.0,13.0,429.0,,115304.0,119.0,-57177.0,23882.0,10.4,15.57,15.16,12,12,12,12,12
MARUTI,Maruti Suzuki India Ltd,,PRO_06,pro,False,0.0,False,PAT CAGR 5yr = 15.6% (<= 20%),8591.08,16.32,0.76,97.01,,141858.0,13488.0,13.0,429.0,,115304.0,119.0,-57177.0,23882.0,10.4,15.57,15.16,12,12,12,12,12
MARUTI,Maruti Suzuki India Ltd,,PRO_07,pro,True,95.0,True,ICR = 97.0 (> 10),8591.08,16.32,0.76,97.01,,141858.0,13488.0,13.0,429.0,,115304.0,119.0,-57177.0,23882.0,10.4,15.57,15.16,12,12,12,12,12
MARUTI,Maruti Suzuki India Ltd,,PRO_08,pro,False,0.0,False,dividend yield = 1.1% (<= 2%); FCF unavailable,8591.08,16.32,0.76,97.01,,141858.0,13488.0,13.0,429.0,,115304.0,119.0,-57177.0,23882.0,10.4,15.57,15.16,12,12,12,12,12
MARUTI,Maruti Suzuki India Ltd,,PRO_09,pro,True,60.24,True,EPS CAGR 5yr = 15.2%,8591.08,16.32,0.76,97.01,,141858.0,13488.0,13.0,429.0,,115304.0,119.0,-57177.0,23882.0,10.4,15.57,15.16,12,12,12,12,12
MARUTI,Maruti Suzuki India Ltd,,PRO_10,pro,False,0.0,False,ROE not improving for 3 consecutive years,8591.08,16.32,0.76,97.01,,141858.0,13488.0,13.0,429.0,,115304.0,119.0,-57177.0,23882.0,10.4,15.57,15.16,12,12,12,12,12
MARUTI,Maruti Suzuki India Ltd,,PRO_11,pro,False,0.0,False,Revenue CAGR (10.4%) <= PAT CAGR (15.6%),8591.08,16.32,0.76,97.01,,141858.0,13488.0,13.0,429.0,,115304.0,119.0,-57177.0,23882.0,10.4,15.57,15.16,12,12,12,12,12
MARUTI,Maruti Suzuki India Ltd,,PRO_12,pro,False,0.0,False,borrowings not declining,8591.08,16.32,0.76,97.01,,141858.0,13488.0,13.0,429.0,,115304.0,119.0,-57177.0,23882.0,10.4,15.57,15.16,12,12,12,12,12
MARUTI,Maruti Suzuki India Ltd,,CON_01,con,False,0.0,False,D/E = 0.76 (<= 2.0),8591.08,16.32,0.76,97.01,,141858.0,13488.0,13.0,429.0,,115304.0,119.0,-57177.0,23882.0,10.4,15.57,15.16,12,12,12,12,12
MARUTI,Maruti Suzuki India Ltd,,CON_02,con,False,0.0,False,No 3-year consecutive negative FCF streak.,8591.08,16.32,0.76,97.01,,141858.0,13488.0,13.0,429.0,,115304.0,119.0,-57177.0,23882.0,10.4,15.57,15.16,12,12,12,12,12
MARUTI,Maruti Suzuki India Ltd,,CON_03,con,False,0.0,False,No 3-year consecutive OPM decline.,8591.08,16.32,0.76,97.01,,141858.0,13488.0,13.0,429.0,,115304.0,119.0,-57177.0,23882.0,10.4,15.57,15.16,12,12,12,12,12
MARUTI,Maruti Suzuki India Ltd,,CON_04,con,False,0.0,False,"Latest Net Profit = 13,488 (>= 0)",8591.08,16.32,0.76,97.01,,141858.0,13488.0,13.0,429.0,,115304.0,119.0,-57177.0,23882.0,10.4,15.57,15.16,12,12,12,12,12
MARUTI,Maruti Suzuki India Ltd,,CON_05,con,False,0.0,False,No 2-year consecutive revenue decline.,8591.08,16.32,0.76,97.01,,141858.0,13488.0,13.0,429.0,,115304.0,119.0,-57177.0,23882.0,10.4,15.57,15.16,12,12,12,12,12
MARUTI,Maruti Suzuki India Ltd,,CON_06,con,False,0.0,False,ICR = 97.01 (>= 1.5),8591.08,16.32,0.76,97.01,,141858.0,13488.0,13.0,429.0,,115304.0,119.0,-57177.0,23882.0,10.4,15.57,15.16,12,12,12,12,12
MARUTI,Maruti Suzuki India Ltd,,CON_07,con,False,0.0,False,Dividend Payout = 29.0% (<= 100%),8591.08,16.32,0.76,97.01,,141858.0,13488.0,13.0,429.0,,115304.0,119.0,-57177.0,23882.0,10.4,15.57,15.16,12,12,12,12,12
MARUTI,Maruti Suzuki India Ltd,,CON_08,con,False,0.0,False,No 3-year consecutive D/E rise.,8591.08,16.32,0.76,97.01,,141858.0,13488.0,13.0,429.0,,115304.0,119.0,-57177.0,23882.0,10.4,15.57,15.16,12,12,12,12,12
MARUTI,Maruti Suzuki India Ltd,,CON_09,con,False,0.0,False,No 3-year consecutive EPS decline.,8591.08,16.32,0.76,97.01,,141858.0,13488.0,13.0,429.0,,115304.0,119.0,-57177.0,23882.0,10.4,15.57,15.16,12,12,12,12,12
MARUTI,Maruti Suzuki India Ltd,,CON_10,con,False,0.0,False,ROCE = 16.3% (>= 10%),8591.08,16.32,0.76,97.01,,141858.0,13488.0,13.0,429.0,,115304.0,119.0,-57177.0,23882.0,10.4,15.57,15.16,12,12,12,12,12
MARUTI,Maruti Suzuki India Ltd,,CON_11,con,False,0.0,False,Net Debt/EBITDA = -2.39x (<= 3x),8591.08,16.32,0.76,97.01,,141858.0,13488.0,13.0,429.0,,115304.0,119.0,-57177.0,23882.0,10.4,15.57,15.16,12,12,12,12,12
MARUTI,Maruti Suzuki India Ltd,,CON_12,con,False,0.0,False,Revenue CAGR 5yr = 10.4% (>= 5%),8591.08,16.32,0.76,97.01,,141858.0,13488.0,13.0,429.0,,115304.0,119.0,-57177.0,23882.0,10.4,15.57,15.16,12,12,12,12,12
PNB,Punjab National Bank,,PRO_01,pro,True,83.0,True,ROE > 20% for 5 consecutive years; avg ROE=1943.0%,3521.92,,211.6,,,109065.0,9157.0,,8.0,,72371.0,55017.0,50672.0,,8.62,9.26,-6.19,12,12,12,12,12
PNB,Punjab National Bank,,PRO_02,pro,False,0.0,False,No FCF history available,3521.92,,211.6,,,109065.0,9157.0,,8.0,,72371.0,55017.0,50672.0,,8.62,9.26,-6.19,12,12,12,12,12
PNB,Punjab National Bank,,PRO_03,pro,False,0.0,False,D/E = 211.6000 (not debt-free),3521.92,,211.6,,,109065.0,9157.0,,8.0,,72371.0,55017.0,50672.0,,8.62,9.26,-6.19,12,12,12,12,12
PNB,Punjab National Bank,,PRO_04,pro,False,0.0,False,Revenue CAGR 5yr = 8.6% (<= 15%),3521.92,,211.6,,,109065.0,9157.0,,8.0,,72371.0,55017.0,50672.0,,8.62,9.26,-6.19,12,12,12,12,12
PNB,Punjab National Bank,,PRO_05,pro,False,0.0,False,OPM unavailable,3521.92,,211.6,,,109065.0,9157.0,,8.0,,72371.0,55017.0,50672.0,,8.62,9.26,-6.19,12,12,12,12,12
PNB,Punjab National Bank,,PRO_06,pro,False,0.0,False,PAT CAGR 5yr = 9.3% (<= 20%),3521.92,,211.6,,,109065.0,9157.0,,8.0,,72371.0,55017.0,50672.0,,8.62,9.26,-6.19,12,12,12,12,12
PNB,Punjab National Bank,,PRO_07,pro,False,0.0,False,ICR unavailable and company is not debt-free,3521.92,,211.6,,,109065.0,9157.0,,8.0,,72371.0,55017.0,50672.0,,8.62,9.26,-6.19,12,12,12,12,12
PNB,Punjab National Bank,,PRO_08,pro,False,0.0,False,dividend yield = 1.2% (<= 2%); FCF unavailable,3521.92,,211.6,,,109065.0,9157.0,,8.0,,72371.0,55017.0,50672.0,,8.62,9.26,-6.19,12,12,12,12,12
PNB,Punjab National Bank,,PRO_09,pro,False,0.0,False,EPS CAGR 5yr = -6.2% (<= 15%),3521.92,,211.6,,,109065.0,9157.0,,8.0,,72371.0,55017.0,50672.0,,8.62,9.26,-6.19,12,12,12,12,12
PNB,Punjab National Bank,,PRO_10,pro,False,0.0,False,ROE not improving for 3 consecutive years,3521.92,,211.6,,,109065.0,9157.0,,8.0,,72371.0,55017.0,50672.0,,8.62,9.26,-6.19,12,12,12,12,12
PNB,Punjab National Bank,,PRO_11,pro,False,0.0,False,Revenue CAGR (8.6%) <= PAT CAGR (9.3%),3521.92,,211.6,,,109065.0,9157.0,,8.0,,72371.0,55017.0,50672.0,,8.62,9.26,-6.19,12,12,12,12,12
PNB,Punjab National Bank,,PRO_12,pro,False,0.0,False,borrowings not declining,3521.92,,211.6,,,109065.0,9157.0,,8.0,,72371.0,55017.0,50672.0,,8.62,9.26,-6.19,12,12,12,12,12
PNB,Punjab National Bank,,CON_01,con,False,0.0,False,Company is in a financial sector.,3521.92,,211.6,,,109065.0,9157.0,,8.0,,72371.0,55017.0,50672.0,,8.62,9.26,-6.19,12,12,12,12,12
PNB,Punjab National Bank,,CON_02,con,False,0.0,False,No 3-year consecutive negative FCF streak.,3521.92,,211.6,,,109065.0,9157.0,,8.0,,72371.0,55017.0,50672.0,,8.62,9.26,-6.19,12,12,12,12,12
PNB,Punjab National Bank,,CON_03,con,False,0.0,False,No 3-year consecutive OPM decline.,3521.92,,211.6,,,109065.0,9157.0,,8.0,,72371.0,55017.0,50672.0,,8.62,9.26,-6.19,12,12,12,12,12
PNB,Punjab National Bank,,CON_04,con,False,0.0,False,"Latest Net Profit = 9,157 (>= 0)",3521.92,,211.6,,,109065.0,9157.0,,8.0,,72371.0,55017.0,50672.0,,8.62,9.26,-6.19,12,12,12,12,12
PNB,Punjab National Bank,,CON_05,con,False,0.0,False,No 2-year consecutive revenue decline.,3521.92,,211.6,,,109065.0,9157.0,,8.0,,72371.0,55017.0,50672.0,,8.62,9.26,-6.19,12,12,12,12,12
PNB,Punjab National Bank,,CON_06,con,False,0.0,False,Latest ICR unavailable.,3521.92,,211.6,,,109065.0,9157.0,,8.0,,72371.0,55017.0,50672.0,,8.62,9.26,-6.19,12,12,12,12,12
PNB,Punjab National Bank,,CON_07,con,False,0.0,False,Dividend Payout = 18.0% (<= 100%),3521.92,,211.6,,,109065.0,9157.0,,8.0,,72371.0,55017.0,50672.0,,8.62,9.26,-6.19,12,12,12,12,12
PNB,Punjab National Bank,,CON_08,con,False,0.0,False,No 3-year consecutive D/E rise.,3521.92,,211.6,,,109065.0,9157.0,,8.0,,72371.0,55017.0,50672.0,,8.62,9.26,-6.19,12,12,12,12,12
PNB,Punjab National Bank,,CON_09,con,False,0.0,False,No 3-year consecutive EPS decline.,3521.92,,211.6,,,109065.0,9157.0,,8.0,,72371.0,55017.0,50672.0,,8.62,9.26,-6.19,12,12,12,12,12
PNB,Punjab National Bank,,CON_10,con,False,0.0,False,Latest ROCE unavailable.,3521.92,,211.6,,,109065.0,9157.0,,8.0,,72371.0,55017.0,50672.0,,8.62,9.26,-6.19,12,12,12,12,12
PNB,Punjab National Bank,,CON_11,con,False,0.0,False,Net Debt or EBITDA unavailable.,3521.92,,211.6,,,109065.0,9157.0,,8.0,,72371.0,55017.0,50672.0,,8.62,9.26,-6.19,12,12,12,12,12
PNB,Punjab National Bank,,CON_12,con,False,0.0,False,Revenue CAGR 5yr = 8.6% (>= 5%),3521.92,,211.6,,,109065.0,9157.0,,8.0,,72371.0,55017.0,50672.0,,8.62,9.26,-6.19,12,12,12,12,12
SBIN,State Bank of India,,PRO_01,pro,False,0.0,False,"Insufficient ROE history (0 valid years, need >= 3)",,,,,,439189.0,69543.0,-14.0,75.0,,,,,-56448.0,8.95,12.28,9.82,12,12,12,12,12
SBIN,State Bank of India,,PRO_02,pro,False,0.0,False,No FCF history available,,,,,,439189.0,69543.0,-14.0,75.0,,,,,-56448.0,8.95,12.28,9.82,12,12,12,12,12
SBIN,State Bank of India,,PRO_03,pro,False,0.0,False,Latest D/E unavailable (not treated as debt-free),,,,,,439189.0,69543.0,-14.0,75.0,,,,,-56448.0,8.95,12.28,9.82,12,12,12,12,12
SBIN,State Bank of India,,PRO_04,pro,False,0.0,False,Revenue CAGR 5yr = 8.9% (<= 15%),,,,,,439189.0,69543.0,-14.0,75.0,,,,,-56448.0,8.95,12.28,9.82,12,12,12,12,12
SBIN,State Bank of India,,PRO_05,pro,False,0.0,False,OPM = -14.0% (<= 25%),,,,,,439189.0,69543.0,-14.0,75.0,,,,,-56448.0,8.95,12.28,9.82,12,12,12,12,12
SBIN,State Bank of India,,PRO_06,pro,False,0.0,False,PAT CAGR 5yr = 12.3% (<= 20%),,,,,,439189.0,69543.0,-14.0,75.0,,,,,-56448.0,8.95,12.28,9.82,12,12,12,12,12
SBIN,State Bank of India,,PRO_07,pro,False,0.0,False,ICR unavailable and company is not debt-free,,,,,,439189.0,69543.0,-14.0,75.0,,,,,-56448.0,8.95,12.28,9.82,12,12,12,12,12
SBIN,State Bank of India,,PRO_08,pro,False,0.0,False,dividend yield = 1.6% (<= 2%); FCF unavailable,,,,,,439189.0,69543.0,-14.0,75.0,,,,,-56448.0,8.95,12.28,9.82,12,12,12,12,12
SBIN,State Bank of India,,PRO_09,pro,False,0.0,False,EPS CAGR 5yr = 9.8% (<= 15%),,,,,,439189.0,69543.0,-14.0,75.0,,,,,-56448.0,8.95,12.28,9.82,12,12,12,12,12
SBIN,State Bank of India,,PRO_10,pro,False,0.0,False,"Insufficient ROE history (0 valid years, need >= 4 for 3 YoY steps)",,,,,,439189.0,69543.0,-14.0,75.0,,,,,-56448.0,8.95,12.28,9.82,12,12,12,12,12
SBIN,State Bank of India,,PRO_11,pro,False,0.0,False,Revenue CAGR (8.9%) <= PAT CAGR (12.3%),,,,,,439189.0,69543.0,-14.0,75.0,,,,,-56448.0,8.95,12.28,9.82,12,12,12,12,12
SBIN,State Bank of India,,PRO_12,pro,False,0.0,False,"Insufficient history (assets=0, borrowings=0, need >= 3 each)",,,,,,439189.0,69543.0,-14.0,75.0,,,,,-56448.0,8.95,12.28,9.82,12,12,12,12,12
SBIN,State Bank of India,,CON_01,con,False,0.0,False,Company is in a financial sector.,,,,,,439189.0,69543.0,-14.0,75.0,,,,,-56448.0,8.95,12.28,9.82,12,12,12,12,12
SBIN,State Bank of India,,CON_02,con,False,0.0,False,No 3-year consecutive negative FCF streak.,,,,,,439189.0,69543.0,-14.0,75.0,,,,,-56448.0,8.95,12.28,9.82,12,12,12,12,12
SBIN,State Bank of India,,CON_03,con,False,0.0,False,No 3-year consecutive OPM decline.,,,,,,439189.0,69543.0,-14.0,75.0,,,,,-56448.0,8.95,12.28,9.82,12,12,12,12,12
SBIN,State Bank of India,,CON_04,con,False,0.0,False,"Latest Net Profit = 69,543 (>= 0)",,,,,,439189.0,69543.0,-14.0,75.0,,,,,-56448.0,8.95,12.28,9.82,12,12,12,12,12
SBIN,State Bank of India,,CON_05,con,False,0.0,False,No 2-year consecutive revenue decline.,,,,,,439189.0,69543.0,-14.0,75.0,,,,,-56448.0,8.95,12.28,9.82,12,12,12,12,12
SBIN,State Bank of India,,CON_06,con,False,0.0,False,Latest ICR unavailable.,,,,,,439189.0,69543.0,-14.0,75.0,,,,,-56448.0,8.95,12.28,9.82,12,12,12,12,12
SBIN,State Bank of India,,CON_07,con,False,0.0,False,Dividend Payout = 18.0% (<= 100%),,,,,,439189.0,69543.0,-14.0,75.0,,,,,-56448.0,8.95,12.28,9.82,12,12,12,12,12
SBIN,State Bank of India,,CON_08,con,False,0.0,False,Insufficient D/E history (0 years).,,,,,,439189.0,69543.0,-14.0,75.0,,,,,-56448.0,8.95,12.28,9.82,12,12,12,12,12
SBIN,State Bank of India,,CON_09,con,False,0.0,False,No 3-year consecutive EPS decline.,,,,,,439189.0,69543.0,-14.0,75.0,,,,,-56448.0,8.95,12.28,9.82,12,12,12,12,12
SBIN,State Bank of India,,CON_10,con,False,0.0,False,Latest ROCE unavailable.,,,,,,439189.0,69543.0,-14.0,75.0,,,,,-56448.0,8.95,12.28,9.82,12,12,12,12,12
SBIN,State Bank of India,,CON_11,con,False,0.0,False,Net Debt or EBITDA unavailable.,,,,,,439189.0,69543.0,-14.0,75.0,,,,,-56448.0,8.95,12.28,9.82,12,12,12,12,12
SBIN,State Bank of India,,CON_12,con,False,0.0,False,Revenue CAGR 5yr = 8.9% (>= 5%),,,,,,439189.0,69543.0,-14.0,75.0,,,,,-56448.0,8.95,12.28,9.82,12,12,12,12,12
ULTRACEMCO,UltraTech Cement,,PRO_01,pro,False,0.0,False,ROE > 20% for only 0 consecutive year(s) (need >= 3),11.63,,0.1893,,,70908.0,7004.0,18.0,243.0,,100797.0,11403.0,3154.0,16114.0,,,,12,12,12,12,12
ULTRACEMCO,UltraTech Cement,,PRO_02,pro,False,0.0,False,No FCF history available,11.63,,0.1893,,,70908.0,7004.0,18.0,243.0,,100797.0,11403.0,3154.0,16114.0,,,,12,12,12,12,12
ULTRACEMCO,UltraTech Cement,,PRO_03,pro,False,0.0,False,D/E = 0.1893 (not debt-free),11.63,,0.1893,,,70908.0,7004.0,18.0,243.0,,100797.0,11403.0,3154.0,16114.0,,,,12,12,12,12,12
ULTRACEMCO,UltraTech Cement,,PRO_04,pro,False,0.0,False,Revenue CAGR 5yr = 11.9% (<= 15%),11.63,,0.1893,,,70908.0,7004.0,18.0,243.0,,100797.0,11403.0,3154.0,16114.0,,,,12,12,12,12,12
ULTRACEMCO,UltraTech Cement,,PRO_05,pro,False,0.0,False,OPM = 18.0% (<= 25%),11.63,,0.1893,,,70908.0,7004.0,18.0,243.0,,100797.0,11403.0,3154.0,16114.0,,,,12,12,12,12,12
ULTRACEMCO,UltraTech Cement,,PRO_06,pro,False,0.0,False,PAT CAGR 5yr = 9.1% (<= 20%),11.63,,0.1893,,,70908.0,7004.0,18.0,243.0,,100797.0,11403.0,3154.0,16114.0,,,,12,12,12,12,12
ULTRACEMCO,UltraTech Cement,,PRO_07,pro,False,0.0,False,ICR unavailable and company is not debt-free,11.63,,0.1893,,,70908.0,7004.0,18.0,243.0,,100797.0,11403.0,3154.0,16114.0,,,,12,12,12,12,12
ULTRACEMCO,UltraTech Cement,,PRO_08,pro,False,0.0,False,Dividend yield unavailable,11.63,,0.1893,,,70908.0,7004.0,18.0,243.0,,100797.0,11403.0,3154.0,16114.0,,,,12,12,12,12,12
ULTRACEMCO,UltraTech Cement,,PRO_09,pro,False,0.0,False,EPS CAGR 5yr = 8.6% (<= 15%),11.63,,0.1893,,,70908.0,7004.0,18.0,243.0,,100797.0,11403.0,3154.0,16114.0,,,,12,12,12,12,12
ULTRACEMCO,UltraTech Cement,,PRO_10,pro,False,0.0,False,ROE not improving for 3 consecutive years,11.63,,0.1893,,,70908.0,7004.0,18.0,243.0,,100797.0,11403.0,3154.0,16114.0,,,,12,12,12,12,12
ULTRACEMCO,UltraTech Cement,,PRO_11,pro,False,0.0,False,"Revenue CAGR, PAT CAGR unavailable",11.63,,0.1893,,,70908.0,7004.0,18.0,243.0,,100797.0,11403.0,3154.0,16114.0,,,,12,12,12,12,12
ULTRACEMCO,UltraTech Cement,,PRO_12,pro,False,0.0,False,borrowings not declining,11.63,,0.1893,,,70908.0,7004.0,18.0,243.0,,100797.0,11403.0,3154.0,16114.0,,,,12,12,12,12,12
ULTRACEMCO,UltraTech Cement,,CON_01,con,False,0.0,False,D/E = 0.19 (<= 2.0),11.63,,0.1893,,,70908.0,7004.0,18.0,243.0,,100797.0,11403.0,3154.0,16114.0,,,,12,12,12,12,12
ULTRACEMCO,UltraTech Cement,,CON_02,con,False,0.0,False,No 3-year consecutive negative FCF streak.,11.63,,0.1893,,,70908.0,7004.0,18.0,243.0,,100797.0,11403.0,3154.0,16114.0,,,,12,12,12,12,12
ULTRACEMCO,UltraTech Cement,,CON_03,con,False,0.0,False,No 3-year consecutive OPM decline.,11.63,,0.1893,,,70908.0,7004.0,18.0,243.0,,100797.0,11403.0,3154.0,16114.0,,,,12,12,12,12,12
ULTRACEMCO,UltraTech Cement,,CON_04,con,False,0.0,False,"Latest Net Profit = 7,004 (>= 0)",11.63,,0.1893,,,70908.0,7004.0,18.0,243.0,,100797.0,11403.0,3154.0,16114.0,,,,12,12,12,12,12
ULTRACEMCO,UltraTech Cement,,CON_05,con,False,0.0,False,No 2-year consecutive revenue decline.,11.63,,0.1893,,,70908.0,7004.0,18.0,243.0,,100797.0,11403.0,3154.0,16114.0,,,,12,12,12,12,12
ULTRACEMCO,UltraTech Cement,,CON_06,con,False,0.0,False,Latest ICR unavailable.,11.63,,0.1893,,,70908.0,7004.0,18.0,243.0,,100797.0,11403.0,3154.0,16114.0,,,,12,12,12,12,12
ULTRACEMCO,UltraTech Cement,,CON_07,con,False,0.0,False,Dividend Payout = 29.0% (<= 100%),11.63,,0.1893,,,70908.0,7004.0,18.0,243.0,,100797.0,11403.0,3154.0,16114.0,,,,12,12,12,12,12
ULTRACEMCO,UltraTech Cement,,CON_08,con,False,0.0,False,No 3-year consecutive D/E rise.,11.63,,0.1893,,,70908.0,7004.0,18.0,243.0,,100797.0,11403.0,3154.0,16114.0,,,,12,12,12,12,12
ULTRACEMCO,UltraTech Cement,,CON_09,con,False,0.0,False,No 3-year consecutive EPS decline.,11.63,,0.1893,,,70908.0,7004.0,18.0,243.0,,100797.0,11403.0,3154.0,16114.0,,,,12,12,12,12,12
ULTRACEMCO,UltraTech Cement,,CON_10,con,False,0.0,False,Latest ROCE unavailable.,11.63,,0.1893,,,70908.0,7004.0,18.0,243.0,,100797.0,11403.0,3154.0,16114.0,,,,12,12,12,12,12
ULTRACEMCO,UltraTech Cement,,CON_11,con,False,0.0,False,Net Debt/EBITDA = 0.20x (<= 3x),11.63,,0.1893,,,70908.0,7004.0,18.0,243.0,,100797.0,11403.0,3154.0,16114.0,,,,12,12,12,12,12
ULTRACEMCO,UltraTech Cement,,CON_12,con,False,0.0,False,5-year Revenue CAGR unavailable.,11.63,,0.1893,,,70908.0,7004.0,18.0,243.0,,100797.0,11403.0,3154.0,16114.0,,,,12,12,12,12,12
UNIONBANK,Union Bank of India,,PRO_01,pro,False,0.0,False,ROE > 20% for only 0 consecutive year(s) (need >= 3),14.14,,12.8237,,,100376.0,13797.0,5.0,18.0,,1401996.0,1251568.0,907615.0,5485.0,,,,12,12,12,12,12
UNIONBANK,Union Bank of India,,PRO_02,pro,False,0.0,False,No FCF history available,14.14,,12.8237,,,100376.0,13797.0,5.0,18.0,,1401996.0,1251568.0,907615.0,5485.0,,,,12,12,12,12,12
UNIONBANK,Union Bank of India,,PRO_03,pro,False,0.0,False,D/E = 12.8237 (not debt-free),14.14,,12.8237,,,100376.0,13797.0,5.0,18.0,,1401996.0,1251568.0,907615.0,5485.0,,,,12,12,12,12,12
UNIONBANK,Union Bank of India,,PRO_04,pro,False,0.0,False,Revenue CAGR 5yr = 13.4% (<= 15%),14.14,,12.8237,,,100376.0,13797.0,5.0,18.0,,1401996.0,1251568.0,907615.0,5485.0,,,,12,12,12,12,12
UNIONBANK,Union Bank of India,,PRO_05,pro,False,0.0,False,OPM = 5.0% (<= 25%),14.14,,12.8237,,,100376.0,13797.0,5.0,18.0,,1401996.0,1251568.0,907615.0,5485.0,,,,12,12,12,12,12
UNIONBANK,Union Bank of India,,PRO_06,pro,False,0.0,False,PAT CAGR 5yr = 18.4% (<= 20%),14.14,,12.8237,,,100376.0,13797.0,5.0,18.0,,1401996.0,1251568.0,907615.0,5485.0,,,,12,12,12,12,12
UNIONBANK,Union Bank of India,,PRO_07,pro,False,0.0,False,ICR unavailable and company is not debt-free,14.14,,12.8237,,,100376.0,13797.0,5.0,18.0,,1401996.0,1251568.0,907615.0,5485.0,,,,12,12,12,12,12
UNIONBANK,Union Bank of India,,PRO_08,pro,False,0.0,False,Dividend yield unavailable,14.14,,12.8237,,,100376.0,13797.0,5.0,18.0,,1401996.0,1251568.0,907615.0,5485.0,,,,12,12,12,12,12
UNIONBANK,Union Bank of India,,PRO_09,pro,False,0.0,False,EPS CAGR 5yr = -6.1% (<= 15%),14.14,,12.8237,,,100376.0,13797.0,5.0,18.0,,1401996.0,1251568.0,907615.0,5485.0,,,,12,12,12,12,12
UNIONBANK,Union Bank of India,,PRO_10,pro,True,79.44,True,ROE improved from 4.4% to 14.1% over 3 consecutive YoY steps,14.14,,12.8237,,,100376.0,13797.0,5.0,18.0,,1401996.0,1251568.0,907615.0,5485.0,,,,12,12,12,12,12
UNIONBANK,Union Bank of India,,PRO_11,pro,False,0.0,False,"Revenue CAGR, PAT CAGR unavailable",14.14,,12.8237,,,100376.0,13797.0,5.0,18.0,,1401996.0,1251568.0,907615.0,5485.0,,,,12,12,12,12,12
UNIONBANK,Union Bank of India,,PRO_12,pro,False,0.0,False,borrowings not declining,14.14,,12.8237,,,100376.0,13797.0,5.0,18.0,,1401996.0,1251568.0,907615.0,5485.0,,,,12,12,12,12,12
UNIONBANK,Union Bank of India,,CON_01,con,True,95.0,True,D/E = 12.82 (> 2.0),14.14,,12.8237,,,100376.0,13797.0,5.0,18.0,,1401996.0,1251568.0,907615.0,5485.0,,,,12,12,12,12,12
UNIONBANK,Union Bank of India,,CON_02,con,False,0.0,False,No 3-year consecutive negative FCF streak.,14.14,,12.8237,,,100376.0,13797.0,5.0,18.0,,1401996.0,1251568.0,907615.0,5485.0,,,,12,12,12,12,12
UNIONBANK,Union Bank of India,,CON_03,con,False,0.0,False,No 3-year consecutive OPM decline.,14.14,,12.8237,,,100376.0,13797.0,5.0,18.0,,1401996.0,1251568.0,907615.0,5485.0,,,,12,12,12,12,12
UNIONBANK,Union Bank of India,,CON_04,con,False,0.0,False,"Latest Net Profit = 13,797 (>= 0)",14.14,,12.8237,,,100376.0,13797.0,5.0,18.0,,1401996.0,1251568.0,907615.0,5485.0,,,,12,12,12,12,12
UNIONBANK,Union Bank of India,,CON_05,con,False,0.0,False,No 2-year consecutive revenue decline.,14.14,,12.8237,,,100376.0,13797.0,5.0,18.0,,1401996.0,1251568.0,907615.0,5485.0,,,,12,12,12,12,12
UNIONBANK,Union Bank of India,,CON_06,con,False,0.0,False,Latest ICR unavailable.,14.14,,12.8237,,,100376.0,13797.0,5.0,18.0,,1401996.0,1251568.0,907615.0,5485.0,,,,12,12,12,12,12
UNIONBANK,Union Bank of India,,CON_07,con,False,0.0,False,Dividend Payout = 20.0% (<= 100%),14.14,,12.8237,,,100376.0,13797.0,5.0,18.0,,1401996.0,1251568.0,907615.0,5485.0,,,,12,12,12,12,12
UNIONBANK,Union Bank of India,,CON_08,con,False,0.0,False,No 3-year consecutive D/E rise.,14.14,,12.8237,,,100376.0,13797.0,5.0,18.0,,1401996.0,1251568.0,907615.0,5485.0,,,,12,12,12,12,12
UNIONBANK,Union Bank of India,,CON_09,con,False,0.0,False,No 3-year consecutive EPS decline.,14.14,,12.8237,,,100376.0,13797.0,5.0,18.0,,1401996.0,1251568.0,907615.0,5485.0,,,,12,12,12,12,12
UNIONBANK,Union Bank of India,,CON_10,con,False,0.0,False,Latest ROCE unavailable.,14.14,,12.8237,,,100376.0,13797.0,5.0,18.0,,1401996.0,1251568.0,907615.0,5485.0,,,,12,12,12,12,12
UNIONBANK,Union Bank of India,,CON_11,con,True,95.0,True,Net Debt/EBITDA = 165.47x (> 3x),14.14,,12.8237,,,100376.0,13797.0,5.0,18.0,,1401996.0,1251568.0,907615.0,5485.0,,,,12,12,12,12,12
UNIONBANK,Union Bank of India,,CON_12,con,False,0.0,False,5-year Revenue CAGR unavailable.,14.14,,12.8237,,,100376.0,13797.0,5.0,18.0,,1401996.0,1251568.0,907615.0,5485.0,,,,12,12,12,12,12
